<?xml version="1.0" encoding="utf-8"?>
<rss version="2.0" xmlns:sparkle="http://www.andymatuschak.org/xml-namespaces/sparkle"  xmlns:dc="http://purl.org/dc/elements/1.1/">
    <channel>
        <title>Clover Configurator Pro Changelog</title>
        <link>https://raw.githubusercontent.com/Micky1979/Clover-Configurator-Pro/master/Updates/Appcast.xml</link>
        <description></description>
        <language>en</language>
        <item>
            <sparkle:tags>
                <sparkle:criticalUpdate />
            </sparkle:tags>
            <title>v2.0.1</title>
            <sparkle:minimumSystemVersion>10.11.0</sparkle:minimumSystemVersion>
            <sparkle:releaseNotesLink>
                https://rawgit.com/Micky1979/Clover-Configurator-Pro/master/Updates/ReleaseNote.html
            </sparkle:releaseNotesLink>
            <pubDate>Wed Dec 27 13:14:58 CEST 2018</pubDate>
            <enclosure url="https://github.com/Micky1979/Clover-Configurator-Pro/blob/master/Updates/CCP_v2.0.1.zip?raw=true"
            sparkle:shortVersionString="v2.0.1"
            sparkle:version="2.0.1"
            length="12336548"
            type="application/octet-stream"
            sparkle:dsaSignature="MEQCIAVhxR8N/OEmBEVGpycfqHgyrwx4FoHRFzW64/XGk3GmAiB62RLCvRPf2WMezfyhqtk0l5NB0VHINfSpRaKKUvdIbA==" />
        </item>
    </channel>
</rss>
