<?xml version="1.0" encoding="UTF-8"?>
<!DOCTYPE plist PUBLIC "-//Apple//DTD PLIST 1.0//EN" "http://www.apple.com/DTDs/PropertyList-1.0.dtd">
<plist version="1.0">
<dict>
	<key>LayoutID</key>
	<integer>12</integer>
	<key>PathMapRef</key>
	<array>
		<dict>
			<key>CodecID</key>
			<array>
				<integer>299112843</integer>
			</array>
			<key>Headphone</key>
			<dict/>
			<key>Inputs</key>
			<array>
				<string>LineIn</string>
				<string>Mic</string>
			</array>
			<key>IntSpeaker</key>
			<dict/>
			<key>LineIn</key>
			<dict>
				<key>MuteGPIO</key>
				<integer>1342242836</integer>
			</dict>
			<key>LineOut</key>
			<dict/>
			<key>Mic</key>
			<dict>
				<key>MuteGPIO</key>
				<integer>1342242839</integer>
				<key>SignalProcessing</key>
				<dict>
					<key>SoftwareDSP</key>
					<dict>
						<key>DspFunction0</key>
						<dict>
							<key>FunctionInfo</key>
							<dict>
								<key>DspFuncInstance</key>
								<integer>0</integer>
								<key>DspFuncName</key>
								<string>DspNoiseReduction</string>
								<key>DspFuncProcessingIndex</key>
								<integer>0</integer>
							</dict>
							<key>ParameterInfo</key>
							<dict>
								<key>1</key>
								<integer>0</integer>
								<key>2</key>
								<integer>1</integer>
								<key>3</key>
								<integer>0</integer>
								<key>4</key>
								<integer>-1096810476</integer>
								<key>5</key>
								<data>
								koaBwmK4Z8IY
								AHDC0j97wodG
								gsLBwYbCJ4GJ
								wsgbjMJIP47C
								um6PwpCjkMK4
								BpLChtOSwvZc
								k8L/p5PCjn+U
								whBalcJuQJbC
								QiyXwgifl8LR
								FJjCG0aYwuZw
								mMKRlZjCFyGZ
								wrTtmcKKf5rC
								MOGawtIpm8KQ
								TpvCNOCbwmJD
								nMIHr5zCv7qc
								wvxFncLfvp3C
								ZiqewiX8ncKX
								J5zCwoybwsfW
								ncLgC5/CPEae
								wt5unMKaEp3C
								4qefwsamoMKM
								8qDCSv+gwjU5
								ocIjw6HCCkCi
								wmJVosLHX6LC
								566iwvoHo8Ji
								6KLC+DOjwjp8
								o8KggqPCspSj
								wjTBo8I4xaPC
								zxGkwsAWpMIp
								VKTCJoikwo6g
								pMIjvKTCwqGk
								wu4bpcKdHaXC
								hNCkwjf/pMLV
								OKXCakelwrR5
								pcKLuaXCGd2l
								wuL9pcIMjaXC
								HMWlwoD9pcKe
								IKbCFBOmwvAm
								psJWn6bCIMWm
								wuaCpsLAiqbC
								YoamwjChpsJa
								76bC+uWmwrgD
								p8JvNafCOQyn
								wkRcp8LUwKfC
								riWowr4+qMKm
								96fCglSowiLW
								qMLU/ajCDHCp
								wprrqcIzUKrC
								S2qrwuZorMI8
								5qzCE+CtwoHr
								rsLYRrDCfuyx
								wlHes8LiJ7bC
								OXW4wnbuusLc
								z73CAhzBwvjz
								xMIeAMnCZNDM
								wqo10MLUtdLC
								urXTwig21MJM
								IOLC
								</data>
							</dict>
							<key>PatchbayInfo</key>
							<dict/>
						</dict>
					</dict>
				</dict>
			</dict>
			<key>Outputs</key>
			<array>
				<string>IntSpeaker</string>
				<string>Headphone</string>
				<string>LineOut</string>
				<string>SPDIFOut</string>
			</array>
			<key>PathMapID</key>
			<integer>299112843</integer>
			<key>SPDIFOut</key>
			<dict/>
		</dict>
	</array>
</dict>
</plist>
