<?xml version="1.0" encoding="UTF-8"?>
<!DOCTYPE plist PUBLIC "-//Apple//DTD PLIST 1.0//EN" "http://www.apple.com/DTDs/PropertyList-1.0.dtd">
<plist version="1.0">
    <dict>
        <key>LayoutID</key>
        <integer>34</integer>
        <key>PathMapRef</key>
        <array>
            <dict>
                <key>CodecID</key>
                <array>
                    <integer>283906592</integer>
                </array>
                <key>Headphone</key>
                <dict/>
                <key>Inputs</key>
                <array>
                    <string>Mic</string>
                    <string>LineIn</string>
                </array>
                <key>IntSpeaker</key>
                <dict/>
                <key>LineIn</key>
                <dict>
                    <key>MuteGPIO</key>
                    <integer>1342242841</integer>
                </dict>
                <key>Mic</key>
                <dict>
                    <key>MuteGPIO</key>
                    <integer>1342242840</integer>
                    <key>SignalProcessing</key>
                    <dict>
                        <key>SoftwareDSP</key>
                        <dict>
                            <key>DspFunction0</key>
                            <dict>
                                <key>FunctionInfo</key>
                                <dict>
                                    <key>DspFuncInstance</key>
                                    <integer>0</integer>
                                    <key>DspFuncName</key>
                                    <string>DspNoiseReduction</string>
                                    <key>DspFuncProcessingIndex</key>
                                    <integer>0</integer>
                                </dict>
                                <key>ParameterInfo</key>
                                <dict>
                                    <key>1</key>
                                    <integer>0</integer>
                                    <key>2</key>
                                    <integer>0</integer>
                                    <key>3</key>
                                    <integer>0</integer>
                                    <key>4</key>
                                    <integer>-1111411312</integer>
                                </dict>
                                <key>PatchbayInfo</key>
                                <dict/>
                            </dict>
                            <key>DspFunction1</key>
                            <dict>
                                <key>FunctionInfo</key>
                                <dict>
                                    <key>DspFuncInstance</key>
                                    <integer>1</integer>
                                    <key>DspFuncName</key>
                                    <string>DspEqualization32</string>
                                    <key>DspFuncProcessingIndex</key>
                                    <integer>1</integer>
                                </dict>
                                <key>ParameterInfo</key>
                                <dict>
                                    <key>1</key>
                                    <integer>0</integer>
                                    <key>Filter</key>
                                    <array>
                                        <dict>
                                            <key>2</key>
                                            <integer>0</integer>
                                            <key>3</key>
                                            <integer>0</integer>
                                            <key>4</key>
                                            <integer>0</integer>
                                            <key>5</key>
                                            <integer>1</integer>
                                            <key>6</key>
                                            <integer>1120723891</integer>
                                            <key>7</key>
                                            <integer>1060439283</integer>
                                            <key>8</key>
                                            <integer>0</integer>
                                        </dict>
                                        <dict>
                                            <key>2</key>
                                            <integer>0</integer>
                                            <key>3</key>
                                            <integer>1</integer>
                                            <key>4</key>
                                            <integer>0</integer>
                                            <key>5</key>
                                            <integer>4</integer>
                                            <key>6</key>
                                            <integer>1133968303</integer>
                                            <key>7</key>
                                            <integer>1084477243</integer>
                                            <key>8</key>
                                            <integer>-1080988787</integer>
                                        </dict>
                                        <dict>
                                            <key>2</key>
                                            <integer>0</integer>
                                            <key>3</key>
                                            <integer>2</integer>
                                            <key>4</key>
                                            <integer>0</integer>
                                            <key>5</key>
                                            <integer>4</integer>
                                            <key>6</key>
                                            <integer>1150664980</integer>
                                            <key>7</key>
                                            <integer>1098102506</integer>
                                            <key>8</key>
                                            <integer>-1073195820</integer>
                                        </dict>
                                        <dict>
                                            <key>2</key>
                                            <integer>0</integer>
                                            <key>3</key>
                                            <integer>3</integer>
                                            <key>4</key>
                                            <integer>0</integer>
                                            <key>5</key>
                                            <integer>4</integer>
                                            <key>6</key>
                                            <integer>1148869092</integer>
                                            <key>7</key>
                                            <integer>1091475860</integer>
                                            <key>8</key>
                                            <integer>-1076223660</integer>
                                        </dict>
                                        <dict>
                                            <key>2</key>
                                            <integer>0</integer>
                                            <key>3</key>
                                            <integer>4</integer>
                                            <key>4</key>
                                            <integer>0</integer>
                                            <key>5</key>
                                            <integer>4</integer>
                                            <key>6</key>
                                            <integer>1142287878</integer>
                                            <key>7</key>
                                            <integer>1085842969</integer>
                                            <key>8</key>
                                            <integer>-1079797505</integer>
                                        </dict>
                                        <dict>
                                            <key>2</key>
                                            <integer>0</integer>
                                            <key>3</key>
                                            <integer>5</integer>
                                            <key>4</key>
                                            <integer>0</integer>
                                            <key>5</key>
                                            <integer>4</integer>
                                            <key>6</key>
                                            <integer>1171916736</integer>
                                            <key>7</key>
                                            <integer>1096762195</integer>
                                            <key>8</key>
                                            <integer>-1082229705</integer>
                                        </dict>
                                        <dict>
                                            <key>2</key>
                                            <integer>0</integer>
                                            <key>3</key>
                                            <integer>6</integer>
                                            <key>4</key>
                                            <integer>0</integer>
                                            <key>5</key>
                                            <integer>6</integer>
                                            <key>6</key>
                                            <integer>1184316119</integer>
                                            <key>7</key>
                                            <integer>1109056511</integer>
                                            <key>8</key>
                                            <integer>-1045200702</integer>
                                        </dict>
                                        <dict>
                                            <key>2</key>
                                            <integer>0</integer>
                                            <key>3</key>
                                            <integer>7</integer>
                                            <key>4</key>
                                            <integer>0</integer>
                                            <key>5</key>
                                            <integer>4</integer>
                                            <key>6</key>
                                            <integer>1139168842</integer>
                                            <key>7</key>
                                            <integer>1089375144</integer>
                                            <key>8</key>
                                            <integer>-1082229705</integer>
                                        </dict>
                                        <dict>
                                            <key>2</key>
                                            <integer>0</integer>
                                            <key>3</key>
                                            <integer>8</integer>
                                            <key>4</key>
                                            <integer>0</integer>
                                            <key>5</key>
                                            <integer>4</integer>
                                            <key>6</key>
                                            <integer>1169906445</integer>
                                            <key>7</key>
                                            <integer>1092320018</integer>
                                            <key>8</key>
                                            <integer>-1086994832</integer>
                                        </dict>
                                        <dict>
                                            <key>2</key>
                                            <integer>0</integer>
                                            <key>3</key>
                                            <integer>9</integer>
                                            <key>4</key>
                                            <integer>0</integer>
                                            <key>5</key>
                                            <integer>4</integer>
                                            <key>6</key>
                                            <integer>1174300519</integer>
                                            <key>7</key>
                                            <integer>1100485297</integer>
                                            <key>8</key>
                                            <integer>-1084612268</integer>
                                        </dict>
                                        <dict>
                                            <key>2</key>
                                            <integer>0</integer>
                                            <key>3</key>
                                            <integer>10</integer>
                                            <key>4</key>
                                            <integer>0</integer>
                                            <key>5</key>
                                            <integer>4</integer>
                                            <key>6</key>
                                            <integer>1153948405</integer>
                                            <key>7</key>
                                            <integer>1086231536</integer>
                                            <key>8</key>
                                            <integer>-1079797505</integer>
                                        </dict>
                                        <dict>
                                            <key>2</key>
                                            <integer>1</integer>
                                            <key>3</key>
                                            <integer>0</integer>
                                            <key>4</key>
                                            <integer>0</integer>
                                            <key>5</key>
                                            <integer>1</integer>
                                            <key>6</key>
                                            <integer>1120723891</integer>
                                            <key>7</key>
                                            <integer>1060439283</integer>
                                            <key>8</key>
                                            <integer>0</integer>
                                        </dict>
                                        <dict>
                                            <key>2</key>
                                            <integer>1</integer>
                                            <key>3</key>
                                            <integer>1</integer>
                                            <key>4</key>
                                            <integer>0</integer>
                                            <key>5</key>
                                            <integer>4</integer>
                                            <key>6</key>
                                            <integer>1133968303</integer>
                                            <key>7</key>
                                            <integer>1084477243</integer>
                                            <key>8</key>
                                            <integer>-1080988787</integer>
                                        </dict>
                                        <dict>
                                            <key>2</key>
                                            <integer>1</integer>
                                            <key>3</key>
                                            <integer>2</integer>
                                            <key>4</key>
                                            <integer>0</integer>
                                            <key>5</key>
                                            <integer>4</integer>
                                            <key>6</key>
                                            <integer>1150664980</integer>
                                            <key>7</key>
                                            <integer>1098102506</integer>
                                            <key>8</key>
                                            <integer>-1073195820</integer>
                                        </dict>
                                        <dict>
                                            <key>2</key>
                                            <integer>1</integer>
                                            <key>3</key>
                                            <integer>3</integer>
                                            <key>4</key>
                                            <integer>0</integer>
                                            <key>5</key>
                                            <integer>4</integer>
                                            <key>6</key>
                                            <integer>1148869092</integer>
                                            <key>7</key>
                                            <integer>1091475860</integer>
                                            <key>8</key>
                                            <integer>-1076223660</integer>
                                        </dict>
                                        <dict>
                                            <key>2</key>
                                            <integer>1</integer>
                                            <key>3</key>
                                            <integer>4</integer>
                                            <key>4</key>
                                            <integer>0</integer>
                                            <key>5</key>
                                            <integer>4</integer>
                                            <key>6</key>
                                            <integer>1142287878</integer>
                                            <key>7</key>
                                            <integer>1085842969</integer>
                                            <key>8</key>
                                            <integer>-1079797505</integer>
                                        </dict>
                                        <dict>
                                            <key>2</key>
                                            <integer>1</integer>
                                            <key>3</key>
                                            <integer>5</integer>
                                            <key>4</key>
                                            <integer>0</integer>
                                            <key>5</key>
                                            <integer>4</integer>
                                            <key>6</key>
                                            <integer>1171916736</integer>
                                            <key>7</key>
                                            <integer>1096762195</integer>
                                            <key>8</key>
                                            <integer>-1082229705</integer>
                                        </dict>
                                        <dict>
                                            <key>2</key>
                                            <integer>1</integer>
                                            <key>3</key>
                                            <integer>6</integer>
                                            <key>4</key>
                                            <integer>0</integer>
                                            <key>5</key>
                                            <integer>6</integer>
                                            <key>6</key>
                                            <integer>1184316119</integer>
                                            <key>7</key>
                                            <integer>1109056511</integer>
                                            <key>8</key>
                                            <integer>-1045200702</integer>
                                        </dict>
                                        <dict>
                                            <key>2</key>
                                            <integer>1</integer>
                                            <key>3</key>
                                            <integer>7</integer>
                                            <key>4</key>
                                            <integer>0</integer>
                                            <key>5</key>
                                            <integer>4</integer>
                                            <key>6</key>
                                            <integer>1139168842</integer>
                                            <key>7</key>
                                            <integer>1089375144</integer>
                                            <key>8</key>
                                            <integer>-1082229705</integer>
                                        </dict>
                                        <dict>
                                            <key>2</key>
                                            <integer>1</integer>
                                            <key>3</key>
                                            <integer>8</integer>
                                            <key>4</key>
                                            <integer>0</integer>
                                            <key>5</key>
                                            <integer>4</integer>
                                            <key>6</key>
                                            <integer>1169906445</integer>
                                            <key>7</key>
                                            <integer>1092320018</integer>
                                            <key>8</key>
                                            <integer>-1086994832</integer>
                                        </dict>
                                        <dict>
                                            <key>2</key>
                                            <integer>1</integer>
                                            <key>3</key>
                                            <integer>9</integer>
                                            <key>4</key>
                                            <integer>0</integer>
                                            <key>5</key>
                                            <integer>4</integer>
                                            <key>6</key>
                                            <integer>1174300519</integer>
                                            <key>7</key>
                                            <integer>1100485297</integer>
                                            <key>8</key>
                                            <integer>-1084612268</integer>
                                        </dict>
                                        <dict>
                                            <key>2</key>
                                            <integer>1</integer>
                                            <key>3</key>
                                            <integer>10</integer>
                                            <key>4</key>
                                            <integer>0</integer>
                                            <key>5</key>
                                            <integer>4</integer>
                                            <key>6</key>
                                            <integer>1153948405</integer>
                                            <key>7</key>
                                            <integer>1086231536</integer>
                                            <key>8</key>
                                            <integer>-1079797505</integer>
                                        </dict>
                                    </array>
                                </dict>
                                <key>PatchbayInfo</key>
                                <dict>
                                    <key>InputPort0</key>
                                    <dict>
                                        <key>PortInstance</key>
                                        <integer>0</integer>
                                        <key>PortWidth</key>
                                        <integer>1</integer>
                                        <key>SourceFuncInstance</key>
                                        <integer>0</integer>
                                        <key>SourcePortIndex</key>
                                        <integer>0</integer>
                                    </dict>
                                    <key>InputPort1</key>
                                    <dict>
                                        <key>PortInstance</key>
                                        <integer>1</integer>
                                        <key>PortWidth</key>
                                        <integer>1</integer>
                                        <key>SourceFuncInstance</key>
                                        <integer>0</integer>
                                        <key>SourcePortIndex</key>
                                        <integer>1</integer>
                                    </dict>
                                </dict>
                            </dict>
                        </dict>
                    </dict>
                </dict>
                <key>Outputs</key>
                <array>
                    <string>IntSpeaker</string>
                    <string>Headphone</string>
                </array>
                <key>PathMapID</key>
                <integer>34</integer>
            </dict>
        </array>
    </dict>
</plist>

