<?xml version="1.0" encoding="UTF-8"?>
<!DOCTYPE plist PUBLIC "-//Apple//DTD PLIST 1.0//EN" "http://www.apple.com/DTDs/PropertyList-1.0.dtd">
<plist version="1.0">
<dict>
	<key>LayoutID</key>
	<integer>29</integer>
	<key>PathMapRef</key>
	<array>
		<dict>
			<key>CodecID</key>
			<array>
				<integer>283902569</integer>
			</array>
			<key>Headphone</key>
			<dict>
				<key>AmpPreDelay</key>
				<integer>50</integer>
				<key>DefaultVolume</key>
				<integer>4292870144</integer>
				<key>Headset_dBV</key>
				<integer>3239051264</integer>
				<key>MuteGPIO</key>
				<integer>0</integer>
			</dict>
			<key>IdleTimeout</key>
			<integer>10000</integer>
			<key>Inputs</key>
			<array>
				<string>Mic</string>
				<string>LineIn</string>
			</array>
			<key>IntSpeaker</key>
			<dict>
				<key>AmpPostDelay</key>
				<integer>12</integer>
				<key>AmpPreDelay</key>
				<integer>75</integer>
				<key>DefaultVolume</key>
				<integer>4294180864</integer>
				<key>MuteGPIO</key>
				<integer>0</integer>
				<key>SignalProcessing</key>
				<array>
					<dict>
						<key>SoftwareDSP</key>
						<dict>
							<key>DspFunction0</key>
							<dict>
								<key>FunctionInfo</key>
								<dict>
									<key>DspFuncInstance</key>
									<integer>0</integer>
									<key>DspFuncName</key>
									<string>DspGainStage</string>
									<key>DspFuncProcessingIndex</key>
									<integer>0</integer>
								</dict>
								<key>ParameterInfo</key>
								<dict>
									<key>1</key>
									<integer>0</integer>
									<key>2</key>
									<integer>1075888831</integer>
									<key>3</key>
									<integer>1075904150</integer>
								</dict>
								<key>PatchbayInfo</key>
								<dict/>
							</dict>
							<key>DspFunction1</key>
							<dict>
								<key>FunctionInfo</key>
								<dict>
									<key>DspFuncInstance</key>
									<integer>1</integer>
									<key>DspFuncName</key>
									<string>DspMozartCompressor</string>
									<key>DspFuncProcessingIndex</key>
									<integer>1</integer>
								</dict>
								<key>ParameterInfo</key>
								<dict>
									<key>1</key>
									<integer>0</integer>
									<key>10</key>
									<integer>1161527296</integer>
									<key>11</key>
									<integer>1077936128</integer>
									<key>12</key>
									<integer>0</integer>
									<key>13</key>
									<integer>0</integer>
									<key>14</key>
									<integer>1090519040</integer>
									<key>15</key>
									<integer>0</integer>
									<key>2</key>
									<integer>-1045430272</integer>
									<key>3</key>
									<integer>1091050039</integer>
									<key>4</key>
									<integer>1</integer>
									<key>5</key>
									<integer>0</integer>
									<key>6</key>
									<integer>-1032856525</integer>
									<key>7</key>
									<integer>1077016629</integer>
									<key>8</key>
									<integer>0</integer>
									<key>9</key>
									<integer>1106247680</integer>
								</dict>
								<key>PatchbayInfo</key>
								<dict>
									<key>InputPort0</key>
									<dict>
										<key>PortInstance</key>
										<integer>0</integer>
										<key>PortWidth</key>
										<integer>1</integer>
										<key>SourceFuncInstance</key>
										<integer>0</integer>
										<key>SourcePortIndex</key>
										<integer>0</integer>
									</dict>
									<key>InputPort1</key>
									<dict>
										<key>PortInstance</key>
										<integer>1</integer>
										<key>PortWidth</key>
										<integer>1</integer>
										<key>SourceFuncInstance</key>
										<integer>0</integer>
										<key>SourcePortIndex</key>
										<integer>1</integer>
									</dict>
								</dict>
							</dict>
							<key>DspFunction2</key>
							<dict>
								<key>FunctionInfo</key>
								<dict>
									<key>DspFuncInstance</key>
									<integer>2</integer>
									<key>DspFuncName</key>
									<string>DspLoudness</string>
									<key>DspFuncProcessingIndex</key>
									<integer>2</integer>
								</dict>
								<key>ParameterInfo</key>
								<dict>
									<key>1</key>
									<integer>0</integer>
									<key>10</key>
									<integer>1143017157</integer>
									<key>11</key>
									<integer>1153579796</integer>
									<key>12</key>
									<integer>1053867276</integer>
									<key>13</key>
									<integer>1054344781</integer>
									<key>14</key>
									<integer>-1053798715</integer>
									<key>15</key>
									<integer>-1034974759</integer>
									<key>16</key>
									<integer>-1045150585</integer>
									<key>17</key>
									<integer>-1045256853</integer>
									<key>2</key>
									<integer>0</integer>
									<key>3</key>
									<integer>0</integer>
									<key>4</key>
									<integer>0</integer>
									<key>5</key>
									<integer>0</integer>
								</dict>
								<key>PatchbayInfo</key>
								<dict>
									<key>InputPort0</key>
									<dict>
										<key>PortInstance</key>
										<integer>0</integer>
										<key>PortWidth</key>
										<integer>1</integer>
										<key>SourceFuncInstance</key>
										<integer>1</integer>
										<key>SourcePortIndex</key>
										<integer>0</integer>
									</dict>
									<key>InputPort1</key>
									<dict>
										<key>PortInstance</key>
										<integer>1</integer>
										<key>PortWidth</key>
										<integer>1</integer>
										<key>SourceFuncInstance</key>
										<integer>1</integer>
										<key>SourcePortIndex</key>
										<integer>1</integer>
									</dict>
								</dict>
							</dict>
							<key>DspFunction3</key>
							<dict>
								<key>FunctionInfo</key>
								<dict>
									<key>DspFuncInstance</key>
									<integer>3</integer>
									<key>DspFuncName</key>
									<string>DspEqualization32</string>
									<key>DspFuncProcessingIndex</key>
									<integer>3</integer>
								</dict>
								<key>ParameterInfo</key>
								<dict>
									<key>1</key>
									<integer>0</integer>
									<key>9</key>
									<integer>0</integer>
									<key>Filter</key>
									<array>
										<dict>
											<key>2</key>
											<integer>0</integer>
											<key>3</key>
											<integer>0</integer>
											<key>4</key>
											<integer>0</integer>
											<key>5</key>
											<integer>1</integer>
											<key>6</key>
											<integer>1124859904</integer>
											<key>7</key>
											<integer>1057804469</integer>
											<key>8</key>
											<integer>-1062853821</integer>
										</dict>
										<dict>
											<key>2</key>
											<integer>0</integer>
											<key>3</key>
											<integer>1</integer>
											<key>4</key>
											<integer>0</integer>
											<key>5</key>
											<integer>4</integer>
											<key>6</key>
											<integer>1131539089</integer>
											<key>7</key>
											<integer>1080038463</integer>
											<key>8</key>
											<integer>-1061325794</integer>
										</dict>
										<dict>
											<key>2</key>
											<integer>0</integer>
											<key>3</key>
											<integer>2</integer>
											<key>4</key>
											<integer>0</integer>
											<key>5</key>
											<integer>4</integer>
											<key>6</key>
											<integer>1137333587</integer>
											<key>7</key>
											<integer>1077787748</integer>
											<key>8</key>
											<integer>-1058121657</integer>
										</dict>
										<dict>
											<key>2</key>
											<integer>0</integer>
											<key>3</key>
											<integer>3</integer>
											<key>4</key>
											<integer>0</integer>
											<key>5</key>
											<integer>4</integer>
											<key>6</key>
											<integer>1141178263</integer>
											<key>7</key>
											<integer>1079051194</integer>
											<key>8</key>
											<integer>-1058388668</integer>
										</dict>
										<dict>
											<key>2</key>
											<integer>0</integer>
											<key>3</key>
											<integer>4</integer>
											<key>4</key>
											<integer>0</integer>
											<key>5</key>
											<integer>4</integer>
											<key>6</key>
											<integer>1143898112</integer>
											<key>7</key>
											<integer>1081168746</integer>
											<key>8</key>
											<integer>-1061058782</integer>
										</dict>
										<dict>
											<key>2</key>
											<integer>0</integer>
											<key>3</key>
											<integer>5</integer>
											<key>4</key>
											<integer>0</integer>
											<key>5</key>
											<integer>4</integer>
											<key>6</key>
											<integer>1146449042</integer>
											<key>7</key>
											<integer>1076822411</integer>
											<key>8</key>
											<integer>-1053671467</integer>
										</dict>
										<dict>
											<key>2</key>
											<integer>0</integer>
											<key>3</key>
											<integer>6</integer>
											<key>4</key>
											<integer>0</integer>
											<key>5</key>
											<integer>4</integer>
											<key>6</key>
											<integer>1147796299</integer>
											<key>7</key>
											<integer>1079494338</integer>
											<key>8</key>
											<integer>-1054873019</integer>
										</dict>
										<dict>
											<key>2</key>
											<integer>0</integer>
											<key>3</key>
											<integer>7</integer>
											<key>4</key>
											<integer>0</integer>
											<key>5</key>
											<integer>4</integer>
											<key>6</key>
											<integer>1163879937</integer>
											<key>7</key>
											<integer>1082259249</integer>
											<key>8</key>
											<integer>-1057678532</integer>
										</dict>
										<dict>
											<key>2</key>
											<integer>0</integer>
											<key>3</key>
											<integer>8</integer>
											<key>4</key>
											<integer>0</integer>
											<key>5</key>
											<integer>4</integer>
											<key>6</key>
											<integer>1156653056</integer>
											<key>7</key>
											<integer>1086186423</integer>
											<key>8</key>
											<integer>-1065330965</integer>
										</dict>
										<dict>
											<key>2</key>
											<integer>0</integer>
											<key>3</key>
											<integer>9</integer>
											<key>4</key>
											<integer>0</integer>
											<key>5</key>
											<integer>4</integer>
											<key>6</key>
											<integer>1157913097</integer>
											<key>7</key>
											<integer>1076846105</integer>
											<key>8</key>
											<integer>-1056608593</integer>
										</dict>
										<dict>
											<key>2</key>
											<integer>0</integer>
											<key>3</key>
											<integer>10</integer>
											<key>4</key>
											<integer>0</integer>
											<key>5</key>
											<integer>4</integer>
											<key>6</key>
											<integer>1159364608</integer>
											<key>7</key>
											<integer>1074275198</integer>
											<key>8</key>
											<integer>-1048053103</integer>
										</dict>
										<dict>
											<key>2</key>
											<integer>0</integer>
											<key>3</key>
											<integer>11</integer>
											<key>4</key>
											<integer>0</integer>
											<key>5</key>
											<integer>4</integer>
											<key>6</key>
											<integer>1165063765</integer>
											<key>7</key>
											<integer>1088422589</integer>
											<key>8</key>
											<integer>-1075032379</integer>
										</dict>
										<dict>
											<key>2</key>
											<integer>0</integer>
											<key>3</key>
											<integer>12</integer>
											<key>4</key>
											<integer>0</integer>
											<key>5</key>
											<integer>4</integer>
											<key>6</key>
											<integer>1167151104</integer>
											<key>7</key>
											<integer>1076626024</integer>
											<key>8</key>
											<integer>-1053404456</integer>
										</dict>
										<dict>
											<key>2</key>
											<integer>0</integer>
											<key>3</key>
											<integer>13</integer>
											<key>4</key>
											<integer>0</integer>
											<key>5</key>
											<integer>4</integer>
											<key>6</key>
											<integer>1147211659</integer>
											<key>7</key>
											<integer>1080525030</integer>
											<key>8</key>
											<integer>-1076100424</integer>
										</dict>
										<dict>
											<key>2</key>
											<integer>0</integer>
											<key>3</key>
											<integer>14</integer>
											<key>4</key>
											<integer>0</integer>
											<key>5</key>
											<integer>4</integer>
											<key>6</key>
											<integer>1152810436</integer>
											<key>7</key>
											<integer>1095170735</integer>
											<key>8</key>
											<integer>0</integer>
										</dict>
										<dict>
											<key>2</key>
											<integer>0</integer>
											<key>3</key>
											<integer>15</integer>
											<key>4</key>
											<integer>0</integer>
											<key>5</key>
											<integer>1</integer>
											<key>6</key>
											<integer>1124859904</integer>
											<key>7</key>
											<integer>1060439283</integer>
											<key>8</key>
											<integer>-1069504319</integer>
										</dict>
										<dict>
											<key>2</key>
											<integer>0</integer>
											<key>3</key>
											<integer>30</integer>
											<key>4</key>
											<integer>0</integer>
											<key>5</key>
											<integer>6</integer>
											<key>6</key>
											<integer>1163130447</integer>
											<key>7</key>
											<integer>1087966363</integer>
											<key>8</key>
											<integer>-1069580896</integer>
										</dict>
										<dict>
											<key>2</key>
											<integer>1</integer>
											<key>3</key>
											<integer>0</integer>
											<key>4</key>
											<integer>0</integer>
											<key>5</key>
											<integer>1</integer>
											<key>6</key>
											<integer>1124859904</integer>
											<key>7</key>
											<integer>1057804469</integer>
											<key>8</key>
											<integer>-1062853821</integer>
										</dict>
										<dict>
											<key>2</key>
											<integer>1</integer>
											<key>3</key>
											<integer>1</integer>
											<key>4</key>
											<integer>0</integer>
											<key>5</key>
											<integer>4</integer>
											<key>6</key>
											<integer>1131539089</integer>
											<key>7</key>
											<integer>1080038463</integer>
											<key>8</key>
											<integer>-1061325794</integer>
										</dict>
										<dict>
											<key>2</key>
											<integer>1</integer>
											<key>3</key>
											<integer>2</integer>
											<key>4</key>
											<integer>0</integer>
											<key>5</key>
											<integer>4</integer>
											<key>6</key>
											<integer>1137333587</integer>
											<key>7</key>
											<integer>1077787748</integer>
											<key>8</key>
											<integer>-1058121657</integer>
										</dict>
										<dict>
											<key>2</key>
											<integer>1</integer>
											<key>3</key>
											<integer>3</integer>
											<key>4</key>
											<integer>0</integer>
											<key>5</key>
											<integer>4</integer>
											<key>6</key>
											<integer>1141178263</integer>
											<key>7</key>
											<integer>1079051194</integer>
											<key>8</key>
											<integer>-1058388668</integer>
										</dict>
										<dict>
											<key>2</key>
											<integer>1</integer>
											<key>3</key>
											<integer>4</integer>
											<key>4</key>
											<integer>0</integer>
											<key>5</key>
											<integer>4</integer>
											<key>6</key>
											<integer>1143898112</integer>
											<key>7</key>
											<integer>1081168746</integer>
											<key>8</key>
											<integer>-1061058782</integer>
										</dict>
										<dict>
											<key>2</key>
											<integer>1</integer>
											<key>3</key>
											<integer>5</integer>
											<key>4</key>
											<integer>0</integer>
											<key>5</key>
											<integer>4</integer>
											<key>6</key>
											<integer>1146449042</integer>
											<key>7</key>
											<integer>1076822411</integer>
											<key>8</key>
											<integer>-1053671467</integer>
										</dict>
										<dict>
											<key>2</key>
											<integer>1</integer>
											<key>3</key>
											<integer>6</integer>
											<key>4</key>
											<integer>0</integer>
											<key>5</key>
											<integer>4</integer>
											<key>6</key>
											<integer>1147796299</integer>
											<key>7</key>
											<integer>1079494338</integer>
											<key>8</key>
											<integer>-1054873019</integer>
										</dict>
										<dict>
											<key>2</key>
											<integer>1</integer>
											<key>3</key>
											<integer>7</integer>
											<key>4</key>
											<integer>0</integer>
											<key>5</key>
											<integer>4</integer>
											<key>6</key>
											<integer>1163879937</integer>
											<key>7</key>
											<integer>1082259249</integer>
											<key>8</key>
											<integer>-1057678532</integer>
										</dict>
										<dict>
											<key>2</key>
											<integer>1</integer>
											<key>3</key>
											<integer>8</integer>
											<key>4</key>
											<integer>0</integer>
											<key>5</key>
											<integer>4</integer>
											<key>6</key>
											<integer>1156653056</integer>
											<key>7</key>
											<integer>1086186423</integer>
											<key>8</key>
											<integer>-1065330965</integer>
										</dict>
										<dict>
											<key>2</key>
											<integer>1</integer>
											<key>3</key>
											<integer>9</integer>
											<key>4</key>
											<integer>0</integer>
											<key>5</key>
											<integer>4</integer>
											<key>6</key>
											<integer>1157913097</integer>
											<key>7</key>
											<integer>1076846105</integer>
											<key>8</key>
											<integer>-1056608593</integer>
										</dict>
										<dict>
											<key>2</key>
											<integer>1</integer>
											<key>3</key>
											<integer>10</integer>
											<key>4</key>
											<integer>0</integer>
											<key>5</key>
											<integer>4</integer>
											<key>6</key>
											<integer>1159364608</integer>
											<key>7</key>
											<integer>1074275198</integer>
											<key>8</key>
											<integer>-1048053103</integer>
										</dict>
										<dict>
											<key>2</key>
											<integer>1</integer>
											<key>3</key>
											<integer>11</integer>
											<key>4</key>
											<integer>0</integer>
											<key>5</key>
											<integer>4</integer>
											<key>6</key>
											<integer>1164676239</integer>
											<key>7</key>
											<integer>1093804501</integer>
											<key>8</key>
											<integer>-1062927862</integer>
										</dict>
										<dict>
											<key>2</key>
											<integer>1</integer>
											<key>3</key>
											<integer>12</integer>
											<key>4</key>
											<integer>0</integer>
											<key>5</key>
											<integer>4</integer>
											<key>6</key>
											<integer>1167151104</integer>
											<key>7</key>
											<integer>1076626024</integer>
											<key>8</key>
											<integer>-1053404456</integer>
										</dict>
										<dict>
											<key>2</key>
											<integer>1</integer>
											<key>3</key>
											<integer>13</integer>
											<key>4</key>
											<integer>0</integer>
											<key>5</key>
											<integer>4</integer>
											<key>6</key>
											<integer>1167727741</integer>
											<key>7</key>
											<integer>1081842822</integer>
											<key>8</key>
											<integer>-1063300684</integer>
										</dict>
										<dict>
											<key>2</key>
											<integer>1</integer>
											<key>3</key>
											<integer>14</integer>
											<key>4</key>
											<integer>0</integer>
											<key>5</key>
											<integer>4</integer>
											<key>6</key>
											<integer>1151953135</integer>
											<key>7</key>
											<integer>1091268905</integer>
											<key>8</key>
											<integer>1075232638</integer>
										</dict>
										<dict>
											<key>2</key>
											<integer>1</integer>
											<key>3</key>
											<integer>15</integer>
											<key>4</key>
											<integer>0</integer>
											<key>5</key>
											<integer>1</integer>
											<key>6</key>
											<integer>1124859904</integer>
											<key>7</key>
											<integer>1060439283</integer>
											<key>8</key>
											<integer>-1069504319</integer>
										</dict>
										<dict>
											<key>2</key>
											<integer>1</integer>
											<key>3</key>
											<integer>30</integer>
											<key>4</key>
											<integer>0</integer>
											<key>5</key>
											<integer>6</integer>
											<key>6</key>
											<integer>1163130447</integer>
											<key>7</key>
											<integer>1087966363</integer>
											<key>8</key>
											<integer>-1069580896</integer>
										</dict>
									</array>
								</dict>
								<key>PatchbayInfo</key>
								<dict>
									<key>InputPort0</key>
									<dict>
										<key>PortInstance</key>
										<integer>0</integer>
										<key>PortWidth</key>
										<integer>1</integer>
										<key>SourceFuncInstance</key>
										<integer>2</integer>
										<key>SourcePortIndex</key>
										<integer>0</integer>
									</dict>
									<key>InputPort1</key>
									<dict>
										<key>PortInstance</key>
										<integer>1</integer>
										<key>PortWidth</key>
										<integer>1</integer>
										<key>SourceFuncInstance</key>
										<integer>2</integer>
										<key>SourcePortIndex</key>
										<integer>1</integer>
									</dict>
								</dict>
							</dict>
							<key>DspFunction4</key>
							<dict>
								<key>FunctionInfo</key>
								<dict>
									<key>DspFuncInstance</key>
									<integer>4</integer>
									<key>DspFuncName</key>
									<string>DspMozartCompressorDualBand</string>
									<key>DspFuncProcessingIndex</key>
									<integer>4</integer>
								</dict>
								<key>ParameterInfo</key>
								<dict>
									<key>1</key>
									<integer>0</integer>
									<key>10</key>
									<integer>1148846077</integer>
									<key>11</key>
									<integer>-1053462665</integer>
									<key>12</key>
									<integer>1077936124</integer>
									<key>13</key>
									<integer>1086324735</integer>
									<key>14</key>
									<integer>-1043764663</integer>
									<key>15</key>
									<integer>1082130432</integer>
									<key>16</key>
									<integer>1117126671</integer>
									<key>17</key>
									<integer>1148846077</integer>
									<key>18</key>
									<integer>1</integer>
									<key>19</key>
									<integer>1</integer>
									<key>2</key>
									<integer>1142214199</integer>
									<key>20</key>
									<integer>1</integer>
									<key>21</key>
									<integer>0</integer>
									<key>3</key>
									<integer>1079033436</integer>
									<key>4</key>
									<integer>-1044571009</integer>
									<key>5</key>
									<integer>1073741824</integer>
									<key>6</key>
									<integer>1101004800</integer>
									<key>7</key>
									<integer>-1041949569</integer>
									<key>8</key>
									<integer>1082130432</integer>
									<key>9</key>
									<integer>1117126671</integer>
								</dict>
								<key>PatchbayInfo</key>
								<dict>
									<key>InputPort0</key>
									<dict>
										<key>PortInstance</key>
										<integer>0</integer>
										<key>PortWidth</key>
										<integer>1</integer>
										<key>SourceFuncInstance</key>
										<integer>3</integer>
										<key>SourcePortIndex</key>
										<integer>0</integer>
									</dict>
									<key>InputPort1</key>
									<dict>
										<key>PortInstance</key>
										<integer>1</integer>
										<key>PortWidth</key>
										<integer>1</integer>
										<key>SourceFuncInstance</key>
										<integer>3</integer>
										<key>SourcePortIndex</key>
										<integer>1</integer>
									</dict>
								</dict>
							</dict>
							<key>DspFunction5</key>
							<dict>
								<key>FunctionInfo</key>
								<dict>
									<key>DspFuncInstance</key>
									<integer>5</integer>
									<key>DspFuncName</key>
									<string>DspSplineLimiter</string>
									<key>DspFuncProcessingIndex</key>
									<integer>5</integer>
								</dict>
								<key>ParameterInfo</key>
								<dict>
									<key>1</key>
									<integer>0</integer>
									<key>2</key>
									<integer>0</integer>
									<key>3</key>
									<integer>976715828</integer>
									<key>4</key>
									<integer>1035489772</integer>
									<key>5</key>
									<integer>0</integer>
									<key>6</key>
									<integer>1092616192</integer>
									<key>7</key>
									<integer>953267991</integer>
								</dict>
								<key>PatchbayInfo</key>
								<dict>
									<key>InputPort0</key>
									<dict>
										<key>PortInstance</key>
										<integer>0</integer>
										<key>PortWidth</key>
										<integer>1</integer>
										<key>SourceFuncInstance</key>
										<integer>4</integer>
										<key>SourcePortIndex</key>
										<integer>0</integer>
									</dict>
									<key>InputPort1</key>
									<dict>
										<key>PortInstance</key>
										<integer>1</integer>
										<key>PortWidth</key>
										<integer>1</integer>
										<key>SourceFuncInstance</key>
										<integer>4</integer>
										<key>SourcePortIndex</key>
										<integer>1</integer>
									</dict>
								</dict>
							</dict>
						</dict>
					</dict>
				</array>
				<key>SignalProcessingIDs</key>
				<dict>
					<key>16711680</key>
					<integer>0</integer>
					<key>256</key>
					<integer>0</integer>
					<key>512</key>
					<integer>0</integer>
					<key>768</key>
					<integer>0</integer>
				</dict>
			</dict>
			<key>LineIn</key>
			<dict>
				<key>HeadsetMic_dBV</key>
				<integer>1088421888</integer>
				<key>MikeyDriverRequired</key>
				<false/>
				<key>MuteGPIO</key>
				<integer>1342242840</integer>
				<key>SignalProcessing</key>
				<dict>
					<key>SoftwareDSP</key>
					<dict>
						<key>DspFunction0</key>
						<dict>
							<key>FunctionInfo</key>
							<dict>
								<key>DspFuncInstance</key>
								<integer>0</integer>
								<key>DspFuncName</key>
								<string>DspVolume</string>
								<key>DspFuncProcessingIndex</key>
								<integer>0</integer>
							</dict>
							<key>ParameterInfo</key>
							<dict>
								<key>1</key>
								<integer>0</integer>
								<key>2</key>
								<integer>1097229926</integer>
								<key>3</key>
								<integer>0</integer>
								<key>4</key>
								<integer>1097229926</integer>
								<key>5</key>
								<integer>0</integer>
							</dict>
							<key>PatchbayInfo</key>
							<dict/>
						</dict>
						<key>DspFunction1</key>
						<dict>
							<key>FunctionInfo</key>
							<dict>
								<key>DspFuncInstance</key>
								<integer>1</integer>
								<key>DspFuncName</key>
								<string>DspB2</string>
								<key>DspFuncProcessingIndex</key>
								<integer>1</integer>
							</dict>
							<key>ParameterInfo</key>
							<dict>
								<key>1</key>
								<integer>1</integer>
								<key>10</key>
								<integer>0</integer>
								<key>11</key>
								<integer>-1055916032</integer>
								<key>12</key>
								<integer>0</integer>
								<key>2</key>
								<integer>0</integer>
								<key>3</key>
								<integer>0</integer>
								<key>7</key>
								<integer>3</integer>
								<key>8</key>
								<integer>1</integer>
								<key>9</key>
								<integer>19</integer>
							</dict>
							<key>PatchbayInfo</key>
							<dict>
								<key>InputPort0</key>
								<dict>
									<key>PortInstance</key>
									<integer>0</integer>
									<key>PortWidth</key>
									<integer>1</integer>
									<key>SourceFuncInstance</key>
									<integer>0</integer>
									<key>SourcePortIndex</key>
									<integer>0</integer>
								</dict>
								<key>InputPort1</key>
								<dict>
									<key>PortInstance</key>
									<integer>1</integer>
									<key>PortWidth</key>
									<integer>1</integer>
									<key>SourceFuncInstance</key>
									<integer>0</integer>
									<key>SourcePortIndex</key>
									<integer>1</integer>
								</dict>
							</dict>
						</dict>
						<key>DspFunction2</key>
						<dict>
							<key>FunctionInfo</key>
							<dict>
								<key>DspFuncInstance</key>
								<integer>2</integer>
								<key>DspFuncName</key>
								<string>DspEqualization32</string>
								<key>DspFuncProcessingIndex</key>
								<integer>2</integer>
							</dict>
							<key>ParameterInfo</key>
							<dict>
								<key>1</key>
								<integer>0</integer>
								<key>9</key>
								<integer>0</integer>
								<key>Filter</key>
								<array>
									<dict>
										<key>2</key>
										<integer>0</integer>
										<key>3</key>
										<integer>0</integer>
										<key>4</key>
										<integer>0</integer>
										<key>5</key>
										<integer>1</integer>
										<key>6</key>
										<integer>1120490130</integer>
										<key>7</key>
										<integer>1060439283</integer>
										<key>8</key>
										<integer>-1069504319</integer>
									</dict>
									<dict>
										<key>2</key>
										<integer>0</integer>
										<key>3</key>
										<integer>3</integer>
										<key>4</key>
										<integer>0</integer>
										<key>5</key>
										<integer>4</integer>
										<key>6</key>
										<integer>1129536489</integer>
										<key>7</key>
										<integer>1075353461</integer>
										<key>8</key>
										<integer>-1065420057</integer>
									</dict>
									<dict>
										<key>2</key>
										<integer>0</integer>
										<key>3</key>
										<integer>10</integer>
										<key>4</key>
										<integer>0</integer>
										<key>5</key>
										<integer>4</integer>
										<key>6</key>
										<integer>1126830777</integer>
										<key>7</key>
										<integer>1069184978</integer>
										<key>8</key>
										<integer>-1065954789</integer>
									</dict>
									<dict>
										<key>2</key>
										<integer>0</integer>
										<key>3</key>
										<integer>11</integer>
										<key>4</key>
										<integer>0</integer>
										<key>5</key>
										<integer>4</integer>
										<key>6</key>
										<integer>1137255908</integer>
										<key>7</key>
										<integer>1079789189</integer>
										<key>8</key>
										<integer>-1064796942</integer>
									</dict>
									<dict>
										<key>2</key>
										<integer>0</integer>
										<key>3</key>
										<integer>12</integer>
										<key>4</key>
										<integer>0</integer>
										<key>5</key>
										<integer>4</integer>
										<key>6</key>
										<integer>1140803460</integer>
										<key>7</key>
										<integer>1076941152</integer>
										<key>8</key>
										<integer>-1057320623</integer>
									</dict>
									<dict>
										<key>2</key>
										<integer>0</integer>
										<key>3</key>
										<integer>14</integer>
										<key>4</key>
										<integer>0</integer>
										<key>5</key>
										<integer>4</integer>
										<key>6</key>
										<integer>1143767708</integer>
										<key>7</key>
										<integer>1072493937</integer>
										<key>8</key>
										<integer>-1058655680</integer>
									</dict>
									<dict>
										<key>2</key>
										<integer>0</integer>
										<key>3</key>
										<integer>21</integer>
										<key>4</key>
										<integer>0</integer>
										<key>5</key>
										<integer>4</integer>
										<key>6</key>
										<integer>1156982103</integer>
										<key>7</key>
										<integer>1081871785</integer>
										<key>8</key>
										<integer>-1069580896</integer>
									</dict>
									<dict>
										<key>2</key>
										<integer>0</integer>
										<key>3</key>
										<integer>24</integer>
										<key>4</key>
										<integer>0</integer>
										<key>5</key>
										<integer>4</integer>
										<key>6</key>
										<integer>1172717102</integer>
										<key>7</key>
										<integer>1075234682</integer>
										<key>8</key>
										<integer>-1058655680</integer>
									</dict>
									<dict>
										<key>2</key>
										<integer>0</integer>
										<key>3</key>
										<integer>31</integer>
										<key>4</key>
										<integer>0</integer>
										<key>5</key>
										<integer>0</integer>
										<key>6</key>
										<integer>1184666737</integer>
										<key>7</key>
										<integer>1060439283</integer>
										<key>8</key>
										<integer>-1069504319</integer>
									</dict>
									<dict>
										<key>2</key>
										<integer>1</integer>
										<key>3</key>
										<integer>0</integer>
										<key>4</key>
										<integer>0</integer>
										<key>5</key>
										<integer>1</integer>
										<key>6</key>
										<integer>1120490130</integer>
										<key>7</key>
										<integer>1060439283</integer>
										<key>8</key>
										<integer>-1069504319</integer>
									</dict>
									<dict>
										<key>2</key>
										<integer>1</integer>
										<key>3</key>
										<integer>3</integer>
										<key>4</key>
										<integer>0</integer>
										<key>5</key>
										<integer>4</integer>
										<key>6</key>
										<integer>1129536489</integer>
										<key>7</key>
										<integer>1075353461</integer>
										<key>8</key>
										<integer>-1065420057</integer>
									</dict>
									<dict>
										<key>2</key>
										<integer>1</integer>
										<key>3</key>
										<integer>10</integer>
										<key>4</key>
										<integer>0</integer>
										<key>5</key>
										<integer>4</integer>
										<key>6</key>
										<integer>1126830777</integer>
										<key>7</key>
										<integer>1069184978</integer>
										<key>8</key>
										<integer>-1065954789</integer>
									</dict>
									<dict>
										<key>2</key>
										<integer>1</integer>
										<key>3</key>
										<integer>11</integer>
										<key>4</key>
										<integer>0</integer>
										<key>5</key>
										<integer>4</integer>
										<key>6</key>
										<integer>1137255908</integer>
										<key>7</key>
										<integer>1079789189</integer>
										<key>8</key>
										<integer>-1064796942</integer>
									</dict>
									<dict>
										<key>2</key>
										<integer>1</integer>
										<key>3</key>
										<integer>12</integer>
										<key>4</key>
										<integer>0</integer>
										<key>5</key>
										<integer>4</integer>
										<key>6</key>
										<integer>1140803460</integer>
										<key>7</key>
										<integer>1076941152</integer>
										<key>8</key>
										<integer>-1057320623</integer>
									</dict>
									<dict>
										<key>2</key>
										<integer>1</integer>
										<key>3</key>
										<integer>14</integer>
										<key>4</key>
										<integer>0</integer>
										<key>5</key>
										<integer>4</integer>
										<key>6</key>
										<integer>1143767708</integer>
										<key>7</key>
										<integer>1072493937</integer>
										<key>8</key>
										<integer>-1058655680</integer>
									</dict>
									<dict>
										<key>2</key>
										<integer>1</integer>
										<key>3</key>
										<integer>21</integer>
										<key>4</key>
										<integer>0</integer>
										<key>5</key>
										<integer>4</integer>
										<key>6</key>
										<integer>1156982103</integer>
										<key>7</key>
										<integer>1081871785</integer>
										<key>8</key>
										<integer>-1069580896</integer>
									</dict>
									<dict>
										<key>2</key>
										<integer>1</integer>
										<key>3</key>
										<integer>24</integer>
										<key>4</key>
										<integer>0</integer>
										<key>5</key>
										<integer>4</integer>
										<key>6</key>
										<integer>1172717102</integer>
										<key>7</key>
										<integer>1075234682</integer>
										<key>8</key>
										<integer>-1058655680</integer>
									</dict>
									<dict>
										<key>2</key>
										<integer>1</integer>
										<key>3</key>
										<integer>31</integer>
										<key>4</key>
										<integer>0</integer>
										<key>5</key>
										<integer>0</integer>
										<key>6</key>
										<integer>1184666737</integer>
										<key>7</key>
										<integer>1060439283</integer>
										<key>8</key>
										<integer>-1069504319</integer>
									</dict>
								</array>
							</dict>
							<key>PatchbayInfo</key>
							<dict>
								<key>InputPort0</key>
								<dict>
									<key>PortInstance</key>
									<integer>0</integer>
									<key>PortWidth</key>
									<integer>1</integer>
									<key>SourceFuncInstance</key>
									<integer>1</integer>
									<key>SourcePortIndex</key>
									<integer>0</integer>
								</dict>
								<key>InputPort1</key>
								<dict>
									<key>PortInstance</key>
									<integer>1</integer>
									<key>PortWidth</key>
									<integer>1</integer>
									<key>SourceFuncInstance</key>
									<integer>1</integer>
									<key>SourcePortIndex</key>
									<integer>1</integer>
								</dict>
							</dict>
						</dict>
						<key>DspFunction3</key>
						<dict>
							<key>FunctionInfo</key>
							<dict>
								<key>DspFuncInstance</key>
								<integer>3</integer>
								<key>DspFuncName</key>
								<string>DspNoiseReduction</string>
								<key>DspFuncProcessingIndex</key>
								<integer>3</integer>
							</dict>
							<key>ParameterInfo</key>
							<dict>
								<key>1</key>
								<integer>0</integer>
								<key>2</key>
								<integer>1</integer>
								<key>3</key>
								<integer>0</integer>
								<key>4</key>
								<integer>-1129375808</integer>
								<key>5</key>
								<data>
								8FR4wlEmbsK/
								pIfCeJ+Mwpn9
								kcKxBJXCl52W
								wtdJmMISnJnC
								z1CawnvkmsJF
								npvC9O+bwhxQ
								nMKZvJzCUeqc
								wuf/nMI6Jp3C
								xmOdwiyAncKt
								uJ3C5c2dwgTT
								ncLnF57Cs1ue
								wkx1nsJVTZ7C
								cVaewo6InsKl
								VZ7CB1aewick
								nsKt2Z3Cp7id
								wiX/ncKOEJ7C
								wdedwvqFncKI
								Q53Ch1mdwuwh
								ncIpsJzCi0ic
								ws71m8Ji+JvC
								ZDCcwvONnMID
								wJzC6Gmcwtg6
								nMJzZZzComKc
								wtwCnML/o5vC
								k16bwpFIm8L+
								O5vCFCebwkj1
								msLrcprCeDaa
								wj0ImsIFspnC
								h+2Wwmyvk8Ia
								LJbC8duXwnr/
								l8KUyJfCqmiX
								wuoYl8LzpJbC
								H0CWwoLFlcKy
								VpXC2bCUwkoD
								lMKpXZPCvt2S
								wsbTksKwlpLC
								J/+RwnySkcK3
								RJHCAveQwm6c
								kMKoY5DCFdaP
								wuk5j8I3AI/C
								U3uPwkmlj8II
								Z4/CFT6PwoBZ
								j8INjI/C2dGP
								wkvoj8LoeJDC
								8hWRwrGlkcLl
								L5LCV5OSwnvo
								ksI+yJLCtcGS
								wr6ik8LT+JTC
								INWVwm6PlsKe
								IZfCI8SXwiBC
								mMJDtJjCWvCY
								wtCzmMLVeZjC
								ZwyZwkQqmsKt
								HJvCg9ubwk5Q
								nMIA0JzCeh6d
								wmEmncL3i5zC
								/FycwrVYnsLq
								r6zC
								</data>
								<key>6</key>
								<integer>1</integer>
							</dict>
							<key>PatchbayInfo</key>
							<dict>
								<key>InputPort0</key>
								<dict>
									<key>PortInstance</key>
									<integer>0</integer>
									<key>PortWidth</key>
									<integer>1</integer>
									<key>SourceFuncInstance</key>
									<integer>2</integer>
									<key>SourcePortIndex</key>
									<integer>0</integer>
								</dict>
								<key>InputPort1</key>
								<dict>
									<key>PortInstance</key>
									<integer>1</integer>
									<key>PortWidth</key>
									<integer>1</integer>
									<key>SourceFuncInstance</key>
									<integer>2</integer>
									<key>SourcePortIndex</key>
									<integer>1</integer>
								</dict>
							</dict>
						</dict>
						<key>DspFunction4</key>
						<dict>
							<key>FunctionInfo</key>
							<dict>
								<key>DspFuncInstance</key>
								<integer>4</integer>
								<key>DspFuncName</key>
								<string>DspClientGainAdjustStage</string>
								<key>DspFuncProcessingIndex</key>
								<integer>4</integer>
							</dict>
							<key>ParameterInfo</key>
							<dict>
								<key>1</key>
								<integer>1</integer>
								<key>2</key>
								<integer>-1050253722</integer>
								<key>3</key>
								<integer>0</integer>
								<key>4</key>
								<integer>1103311667</integer>
								<key>5</key>
								<integer>0</integer>
								<key>6</key>
								<integer>1092196762</integer>
								<key>7</key>
								<integer>0</integer>
								<key>8</key>
								<integer>0</integer>
							</dict>
							<key>PatchbayInfo</key>
							<dict>
								<key>InputPort0</key>
								<dict>
									<key>PortInstance</key>
									<integer>0</integer>
									<key>PortWidth</key>
									<integer>1</integer>
									<key>SourceFuncInstance</key>
									<integer>3</integer>
									<key>SourcePortIndex</key>
									<integer>0</integer>
								</dict>
								<key>InputPort1</key>
								<dict>
									<key>PortInstance</key>
									<integer>1</integer>
									<key>PortWidth</key>
									<integer>1</integer>
									<key>SourceFuncInstance</key>
									<integer>3</integer>
									<key>SourcePortIndex</key>
									<integer>1</integer>
								</dict>
							</dict>
						</dict>
					</dict>
				</dict>
			</dict>
			<key>Mic</key>
			<dict>
				<key>MuteGPIO</key>
				<integer>0</integer>
				<key>SignalProcessing</key>
				<dict>
					<key>SoftwareDSP</key>
					<dict>
						<key>DspFunction0</key>
						<dict>
							<key>FunctionInfo</key>
							<dict>
								<key>DspFuncInstance</key>
								<integer>0</integer>
								<key>DspFuncName</key>
								<string>DspVolume</string>
								<key>DspFuncProcessingIndex</key>
								<integer>0</integer>
							</dict>
							<key>ParameterInfo</key>
							<dict>
								<key>1</key>
								<integer>0</integer>
								<key>2</key>
								<integer>1097229926</integer>
								<key>3</key>
								<integer>0</integer>
								<key>4</key>
								<integer>1097229926</integer>
								<key>5</key>
								<integer>0</integer>
							</dict>
							<key>PatchbayInfo</key>
							<dict/>
						</dict>
						<key>DspFunction1</key>
						<dict>
							<key>FunctionInfo</key>
							<dict>
								<key>DspFuncInstance</key>
								<integer>1</integer>
								<key>DspFuncName</key>
								<string>DspB2</string>
								<key>DspFuncProcessingIndex</key>
								<integer>1</integer>
							</dict>
							<key>ParameterInfo</key>
							<dict>
								<key>1</key>
								<integer>1</integer>
								<key>10</key>
								<integer>0</integer>
								<key>11</key>
								<integer>-1055916032</integer>
								<key>12</key>
								<integer>0</integer>
								<key>2</key>
								<integer>0</integer>
								<key>3</key>
								<integer>0</integer>
								<key>7</key>
								<integer>3</integer>
								<key>8</key>
								<integer>1</integer>
								<key>9</key>
								<integer>19</integer>
							</dict>
							<key>PatchbayInfo</key>
							<dict>
								<key>InputPort0</key>
								<dict>
									<key>PortInstance</key>
									<integer>0</integer>
									<key>PortWidth</key>
									<integer>1</integer>
									<key>SourceFuncInstance</key>
									<integer>0</integer>
									<key>SourcePortIndex</key>
									<integer>0</integer>
								</dict>
								<key>InputPort1</key>
								<dict>
									<key>PortInstance</key>
									<integer>1</integer>
									<key>PortWidth</key>
									<integer>1</integer>
									<key>SourceFuncInstance</key>
									<integer>0</integer>
									<key>SourcePortIndex</key>
									<integer>1</integer>
								</dict>
							</dict>
						</dict>
						<key>DspFunction2</key>
						<dict>
							<key>FunctionInfo</key>
							<dict>
								<key>DspFuncInstance</key>
								<integer>2</integer>
								<key>DspFuncName</key>
								<string>DspEqualization32</string>
								<key>DspFuncProcessingIndex</key>
								<integer>2</integer>
							</dict>
							<key>ParameterInfo</key>
							<dict>
								<key>1</key>
								<integer>0</integer>
								<key>9</key>
								<integer>0</integer>
								<key>Filter</key>
								<array>
									<dict>
										<key>2</key>
										<integer>0</integer>
										<key>3</key>
										<integer>0</integer>
										<key>4</key>
										<integer>0</integer>
										<key>5</key>
										<integer>1</integer>
										<key>6</key>
										<integer>1120490130</integer>
										<key>7</key>
										<integer>1060439283</integer>
										<key>8</key>
										<integer>-1069504319</integer>
									</dict>
									<dict>
										<key>2</key>
										<integer>0</integer>
										<key>3</key>
										<integer>3</integer>
										<key>4</key>
										<integer>0</integer>
										<key>5</key>
										<integer>4</integer>
										<key>6</key>
										<integer>1129536489</integer>
										<key>7</key>
										<integer>1075353461</integer>
										<key>8</key>
										<integer>-1065420057</integer>
									</dict>
									<dict>
										<key>2</key>
										<integer>0</integer>
										<key>3</key>
										<integer>10</integer>
										<key>4</key>
										<integer>0</integer>
										<key>5</key>
										<integer>4</integer>
										<key>6</key>
										<integer>1126830777</integer>
										<key>7</key>
										<integer>1069184978</integer>
										<key>8</key>
										<integer>-1065954789</integer>
									</dict>
									<dict>
										<key>2</key>
										<integer>0</integer>
										<key>3</key>
										<integer>11</integer>
										<key>4</key>
										<integer>0</integer>
										<key>5</key>
										<integer>4</integer>
										<key>6</key>
										<integer>1137255908</integer>
										<key>7</key>
										<integer>1079789189</integer>
										<key>8</key>
										<integer>-1064796942</integer>
									</dict>
									<dict>
										<key>2</key>
										<integer>0</integer>
										<key>3</key>
										<integer>12</integer>
										<key>4</key>
										<integer>0</integer>
										<key>5</key>
										<integer>4</integer>
										<key>6</key>
										<integer>1140803460</integer>
										<key>7</key>
										<integer>1076941152</integer>
										<key>8</key>
										<integer>-1057320623</integer>
									</dict>
									<dict>
										<key>2</key>
										<integer>0</integer>
										<key>3</key>
										<integer>14</integer>
										<key>4</key>
										<integer>0</integer>
										<key>5</key>
										<integer>4</integer>
										<key>6</key>
										<integer>1143767708</integer>
										<key>7</key>
										<integer>1072493937</integer>
										<key>8</key>
										<integer>-1058655680</integer>
									</dict>
									<dict>
										<key>2</key>
										<integer>0</integer>
										<key>3</key>
										<integer>21</integer>
										<key>4</key>
										<integer>0</integer>
										<key>5</key>
										<integer>4</integer>
										<key>6</key>
										<integer>1156982103</integer>
										<key>7</key>
										<integer>1081871785</integer>
										<key>8</key>
										<integer>-1069580896</integer>
									</dict>
									<dict>
										<key>2</key>
										<integer>0</integer>
										<key>3</key>
										<integer>24</integer>
										<key>4</key>
										<integer>0</integer>
										<key>5</key>
										<integer>4</integer>
										<key>6</key>
										<integer>1172717102</integer>
										<key>7</key>
										<integer>1075234682</integer>
										<key>8</key>
										<integer>-1058655680</integer>
									</dict>
									<dict>
										<key>2</key>
										<integer>0</integer>
										<key>3</key>
										<integer>31</integer>
										<key>4</key>
										<integer>0</integer>
										<key>5</key>
										<integer>0</integer>
										<key>6</key>
										<integer>1184666737</integer>
										<key>7</key>
										<integer>1060439283</integer>
										<key>8</key>
										<integer>-1069504319</integer>
									</dict>
									<dict>
										<key>2</key>
										<integer>1</integer>
										<key>3</key>
										<integer>0</integer>
										<key>4</key>
										<integer>0</integer>
										<key>5</key>
										<integer>1</integer>
										<key>6</key>
										<integer>1120490130</integer>
										<key>7</key>
										<integer>1060439283</integer>
										<key>8</key>
										<integer>-1069504319</integer>
									</dict>
									<dict>
										<key>2</key>
										<integer>1</integer>
										<key>3</key>
										<integer>3</integer>
										<key>4</key>
										<integer>0</integer>
										<key>5</key>
										<integer>4</integer>
										<key>6</key>
										<integer>1129536489</integer>
										<key>7</key>
										<integer>1075353461</integer>
										<key>8</key>
										<integer>-1065420057</integer>
									</dict>
									<dict>
										<key>2</key>
										<integer>1</integer>
										<key>3</key>
										<integer>10</integer>
										<key>4</key>
										<integer>0</integer>
										<key>5</key>
										<integer>4</integer>
										<key>6</key>
										<integer>1126830777</integer>
										<key>7</key>
										<integer>1069184978</integer>
										<key>8</key>
										<integer>-1065954789</integer>
									</dict>
									<dict>
										<key>2</key>
										<integer>1</integer>
										<key>3</key>
										<integer>11</integer>
										<key>4</key>
										<integer>0</integer>
										<key>5</key>
										<integer>4</integer>
										<key>6</key>
										<integer>1137255908</integer>
										<key>7</key>
										<integer>1079789189</integer>
										<key>8</key>
										<integer>-1064796942</integer>
									</dict>
									<dict>
										<key>2</key>
										<integer>1</integer>
										<key>3</key>
										<integer>12</integer>
										<key>4</key>
										<integer>0</integer>
										<key>5</key>
										<integer>4</integer>
										<key>6</key>
										<integer>1140803460</integer>
										<key>7</key>
										<integer>1076941152</integer>
										<key>8</key>
										<integer>-1057320623</integer>
									</dict>
									<dict>
										<key>2</key>
										<integer>1</integer>
										<key>3</key>
										<integer>14</integer>
										<key>4</key>
										<integer>0</integer>
										<key>5</key>
										<integer>4</integer>
										<key>6</key>
										<integer>1143767708</integer>
										<key>7</key>
										<integer>1072493937</integer>
										<key>8</key>
										<integer>-1058655680</integer>
									</dict>
									<dict>
										<key>2</key>
										<integer>1</integer>
										<key>3</key>
										<integer>21</integer>
										<key>4</key>
										<integer>0</integer>
										<key>5</key>
										<integer>4</integer>
										<key>6</key>
										<integer>1156982103</integer>
										<key>7</key>
										<integer>1081871785</integer>
										<key>8</key>
										<integer>-1069580896</integer>
									</dict>
									<dict>
										<key>2</key>
										<integer>1</integer>
										<key>3</key>
										<integer>24</integer>
										<key>4</key>
										<integer>0</integer>
										<key>5</key>
										<integer>4</integer>
										<key>6</key>
										<integer>1172717102</integer>
										<key>7</key>
										<integer>1075234682</integer>
										<key>8</key>
										<integer>-1058655680</integer>
									</dict>
									<dict>
										<key>2</key>
										<integer>1</integer>
										<key>3</key>
										<integer>31</integer>
										<key>4</key>
										<integer>0</integer>
										<key>5</key>
										<integer>0</integer>
										<key>6</key>
										<integer>1184666737</integer>
										<key>7</key>
										<integer>1060439283</integer>
										<key>8</key>
										<integer>-1069504319</integer>
									</dict>
								</array>
							</dict>
							<key>PatchbayInfo</key>
							<dict>
								<key>InputPort0</key>
								<dict>
									<key>PortInstance</key>
									<integer>0</integer>
									<key>PortWidth</key>
									<integer>1</integer>
									<key>SourceFuncInstance</key>
									<integer>1</integer>
									<key>SourcePortIndex</key>
									<integer>0</integer>
								</dict>
								<key>InputPort1</key>
								<dict>
									<key>PortInstance</key>
									<integer>1</integer>
									<key>PortWidth</key>
									<integer>1</integer>
									<key>SourceFuncInstance</key>
									<integer>1</integer>
									<key>SourcePortIndex</key>
									<integer>1</integer>
								</dict>
							</dict>
						</dict>
						<key>DspFunction3</key>
						<dict>
							<key>FunctionInfo</key>
							<dict>
								<key>DspFuncInstance</key>
								<integer>3</integer>
								<key>DspFuncName</key>
								<string>DspNoiseReduction</string>
								<key>DspFuncProcessingIndex</key>
								<integer>3</integer>
							</dict>
							<key>ParameterInfo</key>
							<dict>
								<key>1</key>
								<integer>0</integer>
								<key>2</key>
								<integer>1</integer>
								<key>3</key>
								<integer>0</integer>
								<key>4</key>
								<integer>-1129375808</integer>
								<key>5</key>
								<data>
								8FR4wlEmbsK/
								pIfCeJ+Mwpn9
								kcKxBJXCl52W
								wtdJmMISnJnC
								z1CawnvkmsJF
								npvC9O+bwhxQ
								nMKZvJzCUeqc
								wuf/nMI6Jp3C
								xmOdwiyAncKt
								uJ3C5c2dwgTT
								ncLnF57Cs1ue
								wkx1nsJVTZ7C
								cVaewo6InsKl
								VZ7CB1aewick
								nsKt2Z3Cp7id
								wiX/ncKOEJ7C
								wdedwvqFncKI
								Q53Ch1mdwuwh
								ncIpsJzCi0ic
								ws71m8Ji+JvC
								ZDCcwvONnMID
								wJzC6Gmcwtg6
								nMJzZZzComKc
								wtwCnML/o5vC
								k16bwpFIm8L+
								O5vCFCebwkj1
								msLrcprCeDaa
								wj0ImsIFspnC
								h+2Wwmyvk8Ia
								LJbC8duXwnr/
								l8KUyJfCqmiX
								wuoYl8LzpJbC
								H0CWwoLFlcKy
								VpXC2bCUwkoD
								lMKpXZPCvt2S
								wsbTksKwlpLC
								J/+RwnySkcK3
								RJHCAveQwm6c
								kMKoY5DCFdaP
								wuk5j8I3AI/C
								U3uPwkmlj8II
								Z4/CFT6PwoBZ
								j8INjI/C2dGP
								wkvoj8LoeJDC
								8hWRwrGlkcLl
								L5LCV5OSwnvo
								ksI+yJLCtcGS
								wr6ik8LT+JTC
								INWVwm6PlsKe
								IZfCI8SXwiBC
								mMJDtJjCWvCY
								wtCzmMLVeZjC
								ZwyZwkQqmsKt
								HJvCg9ubwk5Q
								nMIA0JzCeh6d
								wmEmncL3i5zC
								/FycwrVYnsLq
								r6zC
								</data>
								<key>6</key>
								<integer>1</integer>
							</dict>
							<key>PatchbayInfo</key>
							<dict>
								<key>InputPort0</key>
								<dict>
									<key>PortInstance</key>
									<integer>0</integer>
									<key>PortWidth</key>
									<integer>1</integer>
									<key>SourceFuncInstance</key>
									<integer>2</integer>
									<key>SourcePortIndex</key>
									<integer>0</integer>
								</dict>
								<key>InputPort1</key>
								<dict>
									<key>PortInstance</key>
									<integer>1</integer>
									<key>PortWidth</key>
									<integer>1</integer>
									<key>SourceFuncInstance</key>
									<integer>2</integer>
									<key>SourcePortIndex</key>
									<integer>1</integer>
								</dict>
							</dict>
						</dict>
						<key>DspFunction4</key>
						<dict>
							<key>FunctionInfo</key>
							<dict>
								<key>DspFuncInstance</key>
								<integer>4</integer>
								<key>DspFuncName</key>
								<string>DspClientGainAdjustStage</string>
								<key>DspFuncProcessingIndex</key>
								<integer>4</integer>
							</dict>
							<key>ParameterInfo</key>
							<dict>
								<key>1</key>
								<integer>1</integer>
								<key>2</key>
								<integer>-1050253722</integer>
								<key>3</key>
								<integer>0</integer>
								<key>4</key>
								<integer>1103311667</integer>
								<key>5</key>
								<integer>0</integer>
								<key>6</key>
								<integer>1092196762</integer>
								<key>7</key>
								<integer>0</integer>
								<key>8</key>
								<integer>0</integer>
							</dict>
							<key>PatchbayInfo</key>
							<dict>
								<key>InputPort0</key>
								<dict>
									<key>PortInstance</key>
									<integer>0</integer>
									<key>PortWidth</key>
									<integer>1</integer>
									<key>SourceFuncInstance</key>
									<integer>3</integer>
									<key>SourcePortIndex</key>
									<integer>0</integer>
								</dict>
								<key>InputPort1</key>
								<dict>
									<key>PortInstance</key>
									<integer>1</integer>
									<key>PortWidth</key>
									<integer>1</integer>
									<key>SourceFuncInstance</key>
									<integer>3</integer>
									<key>SourcePortIndex</key>
									<integer>1</integer>
								</dict>
							</dict>
						</dict>
					</dict>
				</dict>
			</dict>
			<key>Outputs</key>
			<array>
				<string>Headphone</string>
				<string>IntSpeaker</string>
			</array>
			<key>PathMapID</key>
			<integer>269</integer>
		</dict>
	</array>
</dict>
</plist>
