[
    {
        "category": "Modifier keys"
    },
    {
        "label": "caps_lock",
        "data": {
            "key_code": "caps_lock"
        }
    },
    {
        "label": "left_control",
        "data": {
            "key_code": "left_control"
        }
    },
    {
        "label": "left_shift",
        "data": {
            "key_code": "left_shift"
        }
    },
    {
        "label": "left_option",
        "data": {
            "key_code": "left_option"
        }
    },
    {
        "label": "left_command",
        "data": {
            "key_code": "left_command"
        }
    },
    {
        "label": "right_control",
        "data": {
            "key_code": "right_control"
        }
    },
    {
        "label": "right_shift",
        "data": {
            "key_code": "right_shift"
        }
    },
    {
        "label": "right_option",
        "data": {
            "key_code": "right_option"
        }
    },
    {
        "label": "right_command",
        "data": {
            "key_code": "right_command"
        }
    },
    {
        "label": "fn",
        "data": {
            "key_code": "fn"
        }
    },
    {
        "category": "Controls and symbols"
    },
    {
        "label": "return_or_enter",
        "data": {
            "key_code": "return_or_enter"
        }
    },
    {
        "label": "escape",
        "data": {
            "key_code": "escape"
        }
    },
    {
        "label": "delete_or_backspace",
        "data": {
            "key_code": "delete_or_backspace"
        }
    },
    {
        "label": "delete_forward",
        "data": {
            "key_code": "delete_forward"
        }
    },
    {
        "label": "tab",
        "data": {
            "key_code": "tab"
        }
    },
    {
        "label": "spacebar",
        "data": {
            "key_code": "spacebar"
        }
    },
    {
        "label": "hyphen (-)",
        "data": {
            "key_code": "hyphen"
        }
    },
    {
        "label": "equal_sign (=)",
        "data": {
            "key_code": "equal_sign"
        }
    },
    {
        "label": "open_bracket [",
        "data": {
            "key_code": "open_bracket"
        }
    },
    {
        "label": "close_bracket ]",
        "data": {
            "key_code": "close_bracket"
        }
    },
    {
        "label": "backslash (\\)",
        "data": {
            "key_code": "backslash"
        }
    },
    {
        "label": "non_us_pound",
        "data": {
            "key_code": "non_us_pound"
        }
    },
    {
        "label": "semicolon (;)",
        "data": {
            "key_code": "semicolon"
        }
    },
    {
        "label": "quote (')",
        "data": {
            "key_code": "quote"
        }
    },
    {
        "label": "grave_accent_and_tilde (`)",
        "data": {
            "key_code": "grave_accent_and_tilde"
        }
    },
    {
        "label": "comma (,)",
        "data": {
            "key_code": "comma"
        }
    },
    {
        "label": "period (.)",
        "data": {
            "key_code": "period"
        }
    },
    {
        "label": "slash (/)",
        "data": {
            "key_code": "slash"
        }
    },
    {
        "label": "non_us_backslash",
        "data": {
            "key_code": "non_us_backslash"
        }
    },
    {
        "category": "Arrow keys"
    },
    {
        "label": "up_arrow",
        "data": {
            "key_code": "up_arrow"
        }
    },
    {
        "label": "down_arrow",
        "data": {
            "key_code": "down_arrow"
        }
    },
    {
        "label": "left_arrow",
        "data": {
            "key_code": "left_arrow"
        }
    },
    {
        "label": "right_arrow",
        "data": {
            "key_code": "right_arrow"
        }
    },
    {
        "label": "page_up",
        "data": {
            "key_code": "page_up"
        }
    },
    {
        "label": "page_down",
        "data": {
            "key_code": "page_down"
        }
    },
    {
        "label": "home",
        "data": {
            "key_code": "home"
        }
    },
    {
        "label": "end",
        "data": {
            "key_code": "end"
        }
    },
    {
        "category": "Letter keys"
    },
    {
        "label": "a",
        "data": {
            "key_code": "a"
        }
    },
    {
        "label": "b",
        "data": {
            "key_code": "b"
        }
    },
    {
        "label": "c",
        "data": {
            "key_code": "c"
        }
    },
    {
        "label": "d",
        "data": {
            "key_code": "d"
        }
    },
    {
        "label": "e",
        "data": {
            "key_code": "e"
        }
    },
    {
        "label": "f",
        "data": {
            "key_code": "f"
        }
    },
    {
        "label": "g",
        "data": {
            "key_code": "g"
        }
    },
    {
        "label": "h",
        "data": {
            "key_code": "h"
        }
    },
    {
        "label": "i",
        "data": {
            "key_code": "i"
        }
    },
    {
        "label": "j",
        "data": {
            "key_code": "j"
        }
    },
    {
        "label": "k",
        "data": {
            "key_code": "k"
        }
    },
    {
        "label": "l",
        "data": {
            "key_code": "l"
        }
    },
    {
        "label": "m",
        "data": {
            "key_code": "m"
        }
    },
    {
        "label": "n",
        "data": {
            "key_code": "n"
        }
    },
    {
        "label": "o",
        "data": {
            "key_code": "o"
        }
    },
    {
        "label": "p",
        "data": {
            "key_code": "p"
        }
    },
    {
        "label": "q",
        "data": {
            "key_code": "q"
        }
    },
    {
        "label": "r",
        "data": {
            "key_code": "r"
        }
    },
    {
        "label": "s",
        "data": {
            "key_code": "s"
        }
    },
    {
        "label": "t",
        "data": {
            "key_code": "t"
        }
    },
    {
        "label": "u",
        "data": {
            "key_code": "u"
        }
    },
    {
        "label": "v",
        "data": {
            "key_code": "v"
        }
    },
    {
        "label": "w",
        "data": {
            "key_code": "w"
        }
    },
    {
        "label": "x",
        "data": {
            "key_code": "x"
        }
    },
    {
        "label": "y",
        "data": {
            "key_code": "y"
        }
    },
    {
        "label": "z",
        "data": {
            "key_code": "z"
        }
    },
    {
        "category": "Number keys"
    },
    {
        "label": "1",
        "data": {
            "key_code": "1"
        }
    },
    {
        "label": "2",
        "data": {
            "key_code": "2"
        }
    },
    {
        "label": "3",
        "data": {
            "key_code": "3"
        }
    },
    {
        "label": "4",
        "data": {
            "key_code": "4"
        }
    },
    {
        "label": "5",
        "data": {
            "key_code": "5"
        }
    },
    {
        "label": "6",
        "data": {
            "key_code": "6"
        }
    },
    {
        "label": "7",
        "data": {
            "key_code": "7"
        }
    },
    {
        "label": "8",
        "data": {
            "key_code": "8"
        }
    },
    {
        "label": "9",
        "data": {
            "key_code": "9"
        }
    },
    {
        "label": "0",
        "data": {
            "key_code": "0"
        }
    },
    {
        "category": "Function keys"
    },
    {
        "label": "f1",
        "data": {
            "key_code": "f1"
        }
    },
    {
        "label": "f2",
        "data": {
            "key_code": "f2"
        }
    },
    {
        "label": "f3",
        "data": {
            "key_code": "f3"
        }
    },
    {
        "label": "f4",
        "data": {
            "key_code": "f4"
        }
    },
    {
        "label": "f5",
        "data": {
            "key_code": "f5"
        }
    },
    {
        "label": "f6",
        "data": {
            "key_code": "f6"
        }
    },
    {
        "label": "f7",
        "data": {
            "key_code": "f7"
        }
    },
    {
        "label": "f8",
        "data": {
            "key_code": "f8"
        }
    },
    {
        "label": "f9",
        "data": {
            "key_code": "f9"
        }
    },
    {
        "label": "f10",
        "data": {
            "key_code": "f10"
        }
    },
    {
        "label": "f11",
        "data": {
            "key_code": "f11"
        }
    },
    {
        "label": "f12",
        "data": {
            "key_code": "f12"
        }
    },
    {
        "label": "f13",
        "data": {
            "key_code": "f13"
        }
    },
    {
        "label": "f14",
        "data": {
            "key_code": "f14"
        }
    },
    {
        "label": "f15",
        "data": {
            "key_code": "f15"
        }
    },
    {
        "label": "f16",
        "data": {
            "key_code": "f16"
        }
    },
    {
        "label": "f17",
        "data": {
            "key_code": "f17"
        }
    },
    {
        "label": "f18",
        "data": {
            "key_code": "f18"
        }
    },
    {
        "label": "f19",
        "data": {
            "key_code": "f19"
        }
    },
    {
        "label": "f20",
        "data": {
            "key_code": "f20"
        }
    },
    {
        "not_to": true,
        "label": "f21",
        "data": {
            "key_code": "f21"
        }
    },
    {
        "not_to": true,
        "label": "f22",
        "data": {
            "key_code": "f22"
        }
    },
    {
        "not_to": true,
        "label": "f23",
        "data": {
            "key_code": "f23"
        }
    },
    {
        "not_to": true,
        "label": "f24",
        "data": {
            "key_code": "f24"
        }
    },
    {
        "category": "Media controls"
    },
    {
        "not_from": true,
        "label": "display_brightness_decrement",
        "data": {
            "consumer_key_code": "display_brightness_decrement"
        }
    },
    {
        "not_from": true,
        "label": "display_brightness_increment",
        "data": {
            "consumer_key_code": "display_brightness_increment"
        }
    },
    {
        "not_from": true,
        "label": "mission_control",
        "data": {
            "key_code": "mission_control"
        }
    },
    {
        "not_from": true,
        "label": "launchpad",
        "data": {
            "key_code": "launchpad"
        }
    },
    {
        "not_from": true,
        "label": "dashboard",
        "data": {
            "key_code": "dashboard"
        }
    },
    {
        "not_from": true,
        "label": "illumination_decrement",
        "data": {
            "key_code": "illumination_decrement"
        }
    },
    {
        "not_from": true,
        "label": "illumination_increment",
        "data": {
            "key_code": "illumination_increment"
        }
    },
    {
        "label": "rewind",
        "data": {
            "consumer_key_code": "rewind"
        }
    },
    {
        "label": "play_or_pause",
        "data": {
            "consumer_key_code": "play_or_pause"
        }
    },
    {
        "label": "fastforward",
        "data": {
            "consumer_key_code": "fastforward"
        }
    },
    {
        "label": "mute",
        "data": {
            "consumer_key_code": "mute"
        }
    },
    {
        "label": "volume_decrement",
        "data": {
            "consumer_key_code": "volume_decrement"
        }
    },
    {
        "label": "volume_increment",
        "data": {
            "consumer_key_code": "volume_increment"
        }
    },
    {
        "label": "eject",
        "data": {
            "consumer_key_code": "eject"
        }
    },
    {
        "not_from": true,
        "label": "apple_display_brightness_decrement",
        "data": {
            "key_code": "apple_display_brightness_decrement"
        }
    },
    {
        "not_from": true,
        "label": "apple_display_brightness_increment",
        "data": {
            "key_code": "apple_display_brightness_increment"
        }
    },
    {
        "not_from": true,
        "label": "apple_top_case_display_brightness_decrement",
        "data": {
            "key_code": "apple_top_case_display_brightness_decrement"
        }
    },
    {
        "not_from": true,
        "label": "apple_top_case_display_brightness_increment",
        "data": {
            "key_code": "apple_top_case_display_brightness_increment"
        }
    },
    {
        "label": "consumer_key_code::scan_previous_track",
        "data": {
            "consumer_key_code": "scan_previous_track"
        }
    },
    {
        "label": "consumer_key_code::scan_next_track",
        "data": {
            "consumer_key_code": "scan_next_track"
        }
    },
    {
        "category": "Keypad keys"
    },
    {
        "label": "keypad_num_lock",
        "data": {
            "key_code": "keypad_num_lock"
        }
    },
    {
        "label": "keypad_slash",
        "data": {
            "key_code": "keypad_slash"
        }
    },
    {
        "label": "keypad_asterisk",
        "data": {
            "key_code": "keypad_asterisk"
        }
    },
    {
        "label": "keypad_hyphen",
        "data": {
            "key_code": "keypad_hyphen"
        }
    },
    {
        "label": "keypad_plus",
        "data": {
            "key_code": "keypad_plus"
        }
    },
    {
        "label": "keypad_enter",
        "data": {
            "key_code": "keypad_enter"
        }
    },
    {
        "label": "keypad_1",
        "data": {
            "key_code": "keypad_1"
        }
    },
    {
        "label": "keypad_2",
        "data": {
            "key_code": "keypad_2"
        }
    },
    {
        "label": "keypad_3",
        "data": {
            "key_code": "keypad_3"
        }
    },
    {
        "label": "keypad_4",
        "data": {
            "key_code": "keypad_4"
        }
    },
    {
        "label": "keypad_5",
        "data": {
            "key_code": "keypad_5"
        }
    },
    {
        "label": "keypad_6",
        "data": {
            "key_code": "keypad_6"
        }
    },
    {
        "label": "keypad_7",
        "data": {
            "key_code": "keypad_7"
        }
    },
    {
        "label": "keypad_8",
        "data": {
            "key_code": "keypad_8"
        }
    },
    {
        "label": "keypad_9",
        "data": {
            "key_code": "keypad_9"
        }
    },
    {
        "label": "keypad_0",
        "data": {
            "key_code": "keypad_0"
        }
    },
    {
        "label": "keypad_period",
        "data": {
            "key_code": "keypad_period"
        }
    },
    {
        "label": "keypad_equal_sign",
        "data": {
            "key_code": "keypad_equal_sign"
        }
    },
    {
        "label": "keypad_comma",
        "data": {
            "key_code": "keypad_comma"
        }
    },
    {
        "category": "Virtual Keys"
    },
    {
        "label": "vk_none (disable this key)",
        "not_from": true,
        "data": {
            "key_code": "vk_none"
        }
    },
    {
        "category": "Keys in pc keyboards"
    },
    {
        "label": "print_screen",
        "data": {
            "key_code": "print_screen"
        }
    },
    {
        "label": "scroll_lock",
        "data": {
            "key_code": "scroll_lock"
        }
    },
    {
        "label": "pause",
        "data": {
            "key_code": "pause"
        }
    },
    {
        "label": "insert",
        "data": {
            "key_code": "insert"
        }
    },
    {
        "label": "application",
        "data": {
            "key_code": "application"
        }
    },
    {
        "label": "help",
        "data": {
            "key_code": "help"
        }
    },
    {
        "label": "power",
        "data": {
            "key_code": "power"
        }
    },
    {
        "not_to": true,
        "label": "execute",
        "data": {
            "key_code": "execute"
        }
    },
    {
        "not_to": true,
        "label": "menu",
        "data": {
            "key_code": "menu"
        }
    },
    {
        "not_to": true,
        "label": "select",
        "data": {
            "key_code": "select"
        }
    },
    {
        "not_to": true,
        "label": "stop",
        "data": {
            "key_code": "stop"
        }
    },
    {
        "not_to": true,
        "label": "again",
        "data": {
            "key_code": "again"
        }
    },
    {
        "not_to": true,
        "label": "undo",
        "data": {
            "key_code": "undo"
        }
    },
    {
        "not_to": true,
        "label": "cut",
        "data": {
            "key_code": "cut"
        }
    },
    {
        "not_to": true,
        "label": "copy",
        "data": {
            "key_code": "copy"
        }
    },
    {
        "not_to": true,
        "label": "paste",
        "data": {
            "key_code": "paste"
        }
    },
    {
        "not_to": true,
        "label": "find",
        "data": {
            "key_code": "find"
        }
    },
    {
        "category": "International keys"
    },
    {
        "label": "international1",
        "data": {
            "key_code": "international1"
        }
    },
    {
        "not_to": true,
        "label": "international2",
        "data": {
            "key_code": "international2"
        }
    },
    {
        "label": "international3",
        "data": {
            "key_code": "international3"
        }
    },
    {
        "not_to": true,
        "label": "international4",
        "data": {
            "key_code": "international4"
        }
    },
    {
        "not_to": true,
        "label": "international5",
        "data": {
            "key_code": "international5"
        }
    },
    {
        "not_to": true,
        "label": "international6",
        "data": {
            "key_code": "international6"
        }
    },
    {
        "not_to": true,
        "label": "international7",
        "data": {
            "key_code": "international7"
        }
    },
    {
        "not_to": true,
        "label": "international8",
        "data": {
            "key_code": "international8"
        }
    },
    {
        "not_to": true,
        "label": "international9",
        "data": {
            "key_code": "international9"
        }
    },
    {
        "label": "lang1",
        "data": {
            "key_code": "lang1"
        }
    },
    {
        "label": "lang2",
        "data": {
            "key_code": "lang2"
        }
    },
    {
        "not_to": true,
        "label": "lang3",
        "data": {
            "key_code": "lang3"
        }
    },
    {
        "not_to": true,
        "label": "lang4",
        "data": {
            "key_code": "lang4"
        }
    },
    {
        "not_to": true,
        "label": "lang5",
        "data": {
            "key_code": "lang5"
        }
    },
    {
        "not_to": true,
        "label": "lang6",
        "data": {
            "key_code": "lang6"
        }
    },
    {
        "not_to": true,
        "label": "lang7",
        "data": {
            "key_code": "lang7"
        }
    },
    {
        "not_to": true,
        "label": "lang8",
        "data": {
            "key_code": "lang8"
        }
    },
    {
        "not_to": true,
        "label": "lang9",
        "data": {
            "key_code": "lang9"
        }
    },
    {
        "category": "Japanese"
    },
    {
        "label": "英数キー",
        "data": {
            "key_code": "japanese_eisuu"
        }
    },
    {
        "label": "かなキー",
        "data": {
            "key_code": "japanese_kana"
        }
    },
    {
        "label": "PCキーボードの無変換キー",
        "not_to": true,
        "data": {
            "key_code": "japanese_pc_nfer"
        }
    },
    {
        "label": "PCキーボードの変換キー",
        "not_to": true,
        "data": {
            "key_code": "japanese_pc_xfer"
        }
    },
    {
        "label": "PCキーボードのかなキー",
        "not_to": true,
        "data": {
            "key_code": "japanese_pc_katakana"
        }
    },
    {
        "category": "Mouse buttons"
    },
    {
        "not_from": true,
        "label": "button1",
        "data": {
            "pointing_button": "button1"
        }
    },
    {
        "label": "button2",
        "data": {
            "pointing_button": "button2"
        }
    },
    {
        "label": "button3",
        "data": {
            "pointing_button": "button3"
        }
    },
    {
        "label": "button4",
        "data": {
            "pointing_button": "button4"
        }
    },
    {
        "label": "button5",
        "data": {
            "pointing_button": "button5"
        }
    },
    {
        "label": "button6",
        "data": {
            "pointing_button": "button6"
        }
    },
    {
        "label": "button7",
        "data": {
            "pointing_button": "button7"
        }
    },
    {
        "label": "button8",
        "data": {
            "pointing_button": "button8"
        }
    },
    {
        "label": "button9",
        "data": {
            "pointing_button": "button9"
        }
    },
    {
        "label": "button10",
        "data": {
            "pointing_button": "button10"
        }
    },
    {
        "label": "button11",
        "data": {
            "pointing_button": "button11"
        }
    },
    {
        "label": "button12",
        "data": {
            "pointing_button": "button12"
        }
    },
    {
        "label": "button13",
        "data": {
            "pointing_button": "button13"
        }
    },
    {
        "label": "button14",
        "data": {
            "pointing_button": "button14"
        }
    },
    {
        "label": "button15",
        "data": {
            "pointing_button": "button15"
        }
    },
    {
        "label": "button16",
        "data": {
            "pointing_button": "button16"
        }
    },
    {
        "label": "button17",
        "data": {
            "pointing_button": "button17"
        }
    },
    {
        "label": "button18",
        "data": {
            "pointing_button": "button18"
        }
    },
    {
        "label": "button19",
        "data": {
            "pointing_button": "button19"
        }
    },
    {
        "label": "button20",
        "data": {
            "pointing_button": "button20"
        }
    },
    {
        "label": "button21",
        "data": {
            "pointing_button": "button21"
        }
    },
    {
        "label": "button22",
        "data": {
            "pointing_button": "button22"
        }
    },
    {
        "label": "button23",
        "data": {
            "pointing_button": "button23"
        }
    },
    {
        "label": "button24",
        "data": {
            "pointing_button": "button24"
        }
    },
    {
        "label": "button25",
        "data": {
            "pointing_button": "button25"
        }
    },
    {
        "label": "button26",
        "data": {
            "pointing_button": "button26"
        }
    },
    {
        "label": "button27",
        "data": {
            "pointing_button": "button27"
        }
    },
    {
        "label": "button28",
        "data": {
            "pointing_button": "button28"
        }
    },
    {
        "label": "button29",
        "data": {
            "pointing_button": "button29"
        }
    },
    {
        "label": "button30",
        "data": {
            "pointing_button": "button30"
        }
    },
    {
        "label": "button31",
        "data": {
            "pointing_button": "button31"
        }
    },
    {
        "label": "button32",
        "data": {
            "pointing_button": "button32"
        }
    },
    {
        "category": "Mouse keys"
    },
    {
        "not_from": true,
        "label": "mouse up",
        "data": {
            "mouse_key": {
                "y": -1536
            }
        }
    },
    {
        "not_from": true,
        "label": "mouse up (fast)",
        "data": {
            "mouse_key": {
                "y": -3072
            }
        }
    },
    {
        "not_from": true,
        "label": "mouse up (slow)",
        "data": {
            "mouse_key": {
                "y": -768
            }
        }
    },
    {
        "not_from": true,
        "label": "mouse down",
        "data": {
            "mouse_key": {
                "y": 1536
            }
        }
    },
    {
        "not_from": true,
        "label": "mouse down (fast)",
        "data": {
            "mouse_key": {
                "y": 3072
            }
        }
    },
    {
        "not_from": true,
        "label": "mouse down (slow)",
        "data": {
            "mouse_key": {
                "y": 768
            }
        }
    },
    {
        "not_from": true,
        "label": "mouse left",
        "data": {
            "mouse_key": {
                "x": -1536
            }
        }
    },
    {
        "not_from": true,
        "label": "mouse left (fast)",
        "data": {
            "mouse_key": {
                "x": -3072
            }
        }
    },
    {
        "not_from": true,
        "label": "mouse left (slow)",
        "data": {
            "mouse_key": {
                "x": -768
            }
        }
    },
    {
        "not_from": true,
        "label": "mouse right",
        "data": {
            "mouse_key": {
                "x": 1536
            }
        }
    },
    {
        "not_from": true,
        "label": "mouse right (fast)",
        "data": {
            "mouse_key": {
                "x": 3072
            }
        }
    },
    {
        "not_from": true,
        "label": "mouse right (slow)",
        "data": {
            "mouse_key": {
                "x": 768
            }
        }
    },
    {
        "not_from": true,
        "label": "scroll up",
        "data": {
            "mouse_key": {
                "vertical_wheel": -32
            }
        }
    },
    {
        "not_from": true,
        "label": "scroll up (fast)",
        "data": {
            "mouse_key": {
                "vertical_wheel": -64
            }
        }
    },
    {
        "not_from": true,
        "label": "scroll up (slow)",
        "data": {
            "mouse_key": {
                "vertical_wheel": -16
            }
        }
    },
    {
        "not_from": true,
        "label": "scroll down",
        "data": {
            "mouse_key": {
                "vertical_wheel": 32
            }
        }
    },
    {
        "not_from": true,
        "label": "scroll down (fast)",
        "data": {
            "mouse_key": {
                "vertical_wheel": 64
            }
        }
    },
    {
        "not_from": true,
        "label": "scroll down (slow)",
        "data": {
            "mouse_key": {
                "vertical_wheel": 16
            }
        }
    },
    {
        "not_from": true,
        "label": "scroll left",
        "data": {
            "mouse_key": {
                "horizontal_wheel": 32
            }
        }
    },
    {
        "not_from": true,
        "label": "scroll left (fast)",
        "data": {
            "mouse_key": {
                "horizontal_wheel": 64
            }
        }
    },
    {
        "not_from": true,
        "label": "scroll left (slow)",
        "data": {
            "mouse_key": {
                "horizontal_wheel": 16
            }
        }
    },
    {
        "not_from": true,
        "label": "scroll right",
        "data": {
            "mouse_key": {
                "horizontal_wheel": -32
            }
        }
    },
    {
        "not_from": true,
        "label": "scroll right (fast)",
        "data": {
            "mouse_key": {
                "horizontal_wheel": -64
            }
        }
    },
    {
        "not_from": true,
        "label": "scroll right (slow)",
        "data": {
            "mouse_key": {
                "horizontal_wheel": -16
            }
        }
    },
    {
        "not_from": true,
        "label": "speed multiplier (2.0)",
        "data": {
            "mouse_key": {
                "speed_multiplier": 2.0
            }
        }
    },
    {
        "not_from": true,
        "label": "speed multiplier (0.5)",
        "data": {
            "mouse_key": {
                "speed_multiplier": 0.5
            }
        }
    },
    {
        "category": "Others"
    },
    {
        "not_to": true,
        "label": "keypad_equal_sign_as400",
        "data": {
            "key_code": "keypad_equal_sign_as400"
        }
    },
    {
        "not_to": true,
        "label": "locking_caps_lock",
        "data": {
            "key_code": "locking_caps_lock"
        }
    },
    {
        "not_to": true,
        "label": "locking_num_lock",
        "data": {
            "key_code": "locking_num_lock"
        }
    },
    {
        "not_to": true,
        "label": "locking_scroll_lock",
        "data": {
            "key_code": "locking_scroll_lock"
        }
    },
    {
        "not_to": true,
        "label": "alternate_erase",
        "data": {
            "key_code": "alternate_erase"
        }
    },
    {
        "not_to": true,
        "label": "sys_req_or_attention",
        "data": {
            "key_code": "sys_req_or_attention"
        }
    },
    {
        "not_to": true,
        "label": "cancel",
        "data": {
            "key_code": "cancel"
        }
    },
    {
        "not_to": true,
        "label": "clear",
        "data": {
            "key_code": "clear"
        }
    },
    {
        "not_to": true,
        "label": "prior",
        "data": {
            "key_code": "prior"
        }
    },
    {
        "label": "rarely used return (HID usage 0x9e)",
        "not_to": true,
        "data": {
            "key_code": "return"
        }
    },
    {
        "not_to": true,
        "label": "separator",
        "data": {
            "key_code": "separator"
        }
    },
    {
        "not_to": true,
        "label": "out",
        "data": {
            "key_code": "out"
        }
    },
    {
        "not_to": true,
        "label": "oper",
        "data": {
            "key_code": "oper"
        }
    },
    {
        "not_to": true,
        "label": "clear_or_again",
        "data": {
            "key_code": "clear_or_again"
        }
    },
    {
        "not_to": true,
        "label": "cr_sel_or_props",
        "data": {
            "key_code": "cr_sel_or_props"
        }
    },
    {
        "not_to": true,
        "label": "ex_sel",
        "data": {
            "key_code": "ex_sel"
        }
    },
    {
        "label": "left_alt (equal to `left_option`)",
        "data": {
            "key_code": "left_alt"
        }
    },
    {
        "label": "left_gui (equal to `left_command`)",
        "data": {
            "key_code": "left_gui"
        }
    },
    {
        "label": "right_alt (equal to `right_option`)",
        "data": {
            "key_code": "right_alt"
        }
    },
    {
        "label": "right_gui (equal to `right_command`)",
        "data": {
            "key_code": "right_gui"
        }
    },
    {
        "label": "vk_consumer_brightness_down (equal to `display_brightness_decrement`)",
        "not_from": true,
        "data": {
            "key_code": "vk_consumer_brightness_down"
        }
    },
    {
        "label": "vk_consumer_brightness_up (equal to `display_brightness_increment`)",
        "not_from": true,
        "data": {
            "key_code": "vk_consumer_brightness_up"
        }
    },
    {
        "label": "vk_mission_control (equal to `mission_control`)",
        "not_from": true,
        "data": {
            "key_code": "vk_mission_control"
        }
    },
    {
        "label": "vk_launchpad (equal to `launchpad`)",
        "not_from": true,
        "data": {
            "key_code": "vk_launchpad"
        }
    },
    {
        "label": "vk_dashboard (equal to `dashboard`)",
        "not_from": true,
        "data": {
            "key_code": "vk_dashboard"
        }
    },
    {
        "label": "vk_consumer_illumination_down (equal to `illumination_decrement`)",
        "not_from": true,
        "data": {
            "key_code": "vk_consumer_illumination_down"
        }
    },
    {
        "label": "vk_consumer_illumination_up (equal to `illumination_increment`)",
        "not_from": true,
        "data": {
            "key_code": "vk_consumer_illumination_up"
        }
    },
    {
        "label": "vk_consumer_previous (equal to `rewind`)",
        "not_from": true,
        "data": {
            "key_code": "vk_consumer_previous"
        }
    },
    {
        "label": "vk_consumer_play (equal to `play`)",
        "not_from": true,
        "data": {
            "key_code": "vk_consumer_play"
        }
    },
    {
        "label": "vk_consumer_next (equal to `fastforward`)",
        "not_from": true,
        "data": {
            "key_code": "vk_consumer_next"
        }
    },
    {
        "label": "volume_down (equal to `volume_decrement`)",
        "data": {
            "key_code": "volume_down"
        }
    },
    {
        "label": "volume_up (equal to `volume_increment`)",
        "data": {
            "key_code": "volume_up"
        }
    },
    {
        "label": "key_code::display_brightness_decrement",
        "not_from": true,
        "data": {
            "key_code": "display_brightness_decrement"
        }
    },
    {
        "label": "key_code::display_brightness_increment",
        "not_from": true,
        "data": {
            "key_code": "display_brightness_increment"
        }
    },
    {
        "label": "key_code::rewind",
        "not_from": true,
        "data": {
            "key_code": "rewind"
        }
    },
    {
        "label": "key_code::play_or_pause",
        "not_from": true,
        "data": {
            "key_code": "play_or_pause"
        }
    },
    {
        "label": "key_code::fastforward",
        "not_from": true,
        "data": {
            "key_code": "fastforward"
        }
    },
    {
        "label": "key_code::mute",
        "data": {
            "key_code": "mute"
        }
    },
    {
        "label": "key_code::volume_decrement",
        "data": {
            "key_code": "volume_decrement"
        }
    },
    {
        "label": "key_code::volume_increment",
        "data": {
            "key_code": "volume_increment"
        }
    }
]
