<?xml version="1.0" encoding="UTF-8"?>
<!DOCTYPE plist PUBLIC "-//Apple//DTD PLIST 1.0//EN" "http://www.apple.com/DTDs/PropertyList-1.0.dtd">
<plist version="1.0">
<dict>
	<key>LayoutID</key>
	<integer>31</integer>
	<key>PathMapRef</key>
	<array>
		<dict>
			<key>CodecID</key>
			<array>
				<integer>283902549</integer>
			</array>
			<key>Headphone</key>
			<dict/>
			<key>Inputs</key>
			<array>
				<string>Mic</string>
				<string>LineIn</string>
			</array>
			<key>IntSpeaker</key>
			<dict>
				<key>MaximumBootBeepValue</key>
				<integer>48</integer>
				<key>MuteGPIO</key>
				<integer>0</integer>
			</dict>
			<key>LineIn</key>
			<dict>
				<key>MuteGPIO</key>
				<integer>0</integer>
			</dict>
			<key>Mic</key>
			<dict>
				<key>MuteGPIO</key>
				<integer>0</integer>
			</dict>
			<key>Outputs</key>
			<array>
				<string>Headphone</string>
				<string>IntSpeaker</string>
			</array>
			<key>PathMapID</key>
			<integer>255</integer>
		</dict>
	</array>
</dict>
</plist>
