{
    "title": "Examples",
    "rules": [
        {
            "manipulators": [
                {
                    "description": "Change caps_lock to command+control+option+shift.",
                    "from": {
                        "key_code": "caps_lock",
                        "modifiers": {
                            "optional": [
                                "any"
                            ]
                        }
                    },
                    "to": [
                        {
                            "key_code": "left_shift",
                            "modifiers": [
                                "left_command",
                                "left_control",
                                "left_option"
                            ]
                        }
                    ],
                    "type": "basic"
                }
            ]
        },
        {
            "description": "Change right_command+hjkl to arrow keys",
            "manipulators": [
                {
                    "type": "basic",
                    "from": {
                        "key_code": "h",
                        "modifiers": {
                            "mandatory": [
                                "right_command"
                            ],
                            "optional": [
                                "any"
                            ]
                        }
                    },
                    "to": [
                        {
                            "key_code": "left_arrow"
                        }
                    ]
                },
                {
                    "type": "basic",
                    "from": {
                        "key_code": "j",
                        "modifiers": {
                            "mandatory": [
                                "right_command"
                            ],
                            "optional": [
                                "any"
                            ]
                        }
                    },
                    "to": [
                        {
                            "key_code": "down_arrow"
                        }
                    ]
                },
                {
                    "type": "basic",
                    "from": {
                        "key_code": "k",
                        "modifiers": {
                            "mandatory": [
                                "right_command"
                            ],
                            "optional": [
                                "any"
                            ]
                        }
                    },
                    "to": [
                        {
                            "key_code": "up_arrow"
                        }
                    ]
                },
                {
                    "type": "basic",
                    "from": {
                        "key_code": "l",
                        "modifiers": {
                            "mandatory": [
                                "right_command"
                            ],
                            "optional": [
                                "any"
                            ]
                        }
                    },
                    "to": [
                        {
                            "key_code": "right_arrow"
                        }
                    ]
                }
            ]
        },
        {
            "description": "Change spacebar to left_shift. (Post spacebar if pressed alone)",
            "manipulators": [
                {
                    "type": "basic",
                    "from": {
                        "key_code": "spacebar",
                        "modifiers": {
                            "optional": [
                                "any"
                            ]
                        }
                    },
                    "to": [
                        {
                            "key_code": "left_shift"
                        }
                    ],
                    "to_if_alone": [
                        {
                            "key_code": "spacebar"
                        }
                    ]
                }
            ]
        }
    ]
}
