{
    "profiles": [
        {
            "complex_modifications": {
                "rules": [
                    {
                        "description": "Exchange numbers and symbols (1234567890 and !@#$%^&*())",
                        "manipulators": [
                            {
                                "from": {
                                    "key_code": "1",
                                    "modifiers": {
                                        "optional": "caps_lock"
                                    }
                                },
                                "to": [
                                    {
                                        "key_code": "1",
                                        "modifiers": [
                                            "left_shift"
                                        ]
                                    }
                                ],
                                "type": "basic"
                            },
                            {
                                "from": {
                                    "key_code": "2",
                                    "modifiers": {
                                        "optional": "caps_lock"
                                    }
                                },
                                "to": [
                                    {
                                        "key_code": "2",
                                        "modifiers": [
                                            "left_shift"
                                        ]
                                    }
                                ],
                                "type": "basic"
                            },
                            {
                                "from": {
                                    "key_code": "3",
                                    "modifiers": {
                                        "optional": "caps_lock"
                                    }
                                },
                                "to": [
                                    {
                                        "key_code": "3",
                                        "modifiers": [
                                            "left_shift"
                                        ]
                                    }
                                ],
                                "type": "basic"
                            },
                            {
                                "from": {
                                    "key_code": "4",
                                    "modifiers": {
                                        "optional": "caps_lock"
                                    }
                                },
                                "to": [
                                    {
                                        "key_code": "4",
                                        "modifiers": [
                                            "left_shift"
                                        ]
                                    }
                                ],
                                "type": "basic"
                            },
                            {
                                "from": {
                                    "key_code": "5",
                                    "modifiers": {
                                        "optional": "caps_lock"
                                    }
                                },
                                "to": [
                                    {
                                        "key_code": "5",
                                        "modifiers": [
                                            "left_shift"
                                        ]
                                    }
                                ],
                                "type": "basic"
                            },
                            {
                                "from": {
                                    "key_code": "6",
                                    "modifiers": {
                                        "optional": "caps_lock"
                                    }
                                },
                                "to": [
                                    {
                                        "key_code": "6",
                                        "modifiers": [
                                            "left_shift"
                                        ]
                                    }
                                ],
                                "type": "basic"
                            },
                            {
                                "from": {
                                    "key_code": "7",
                                    "modifiers": {
                                        "optional": "caps_lock"
                                    }
                                },
                                "to": [
                                    {
                                        "key_code": "7",
                                        "modifiers": [
                                            "left_shift"
                                        ]
                                    }
                                ],
                                "type": "basic"
                            },
                            {
                                "from": {
                                    "key_code": "8",
                                    "modifiers": {
                                        "optional": "caps_lock"
                                    }
                                },
                                "to": [
                                    {
                                        "key_code": "8",
                                        "modifiers": [
                                            "left_shift"
                                        ]
                                    }
                                ],
                                "type": "basic"
                            },
                            {
                                "from": {
                                    "key_code": "9",
                                    "modifiers": {
                                        "optional": "caps_lock"
                                    }
                                },
                                "to": [
                                    {
                                        "key_code": "9",
                                        "modifiers": [
                                            "left_shift"
                                        ]
                                    }
                                ],
                                "type": "basic"
                            },
                            {
                                "from": {
                                    "key_code": "0",
                                    "modifiers": {
                                        "optional": "caps_lock"
                                    }
                                },
                                "to": [
                                    {
                                        "key_code": "0",
                                        "modifiers": [
                                            "left_shift"
                                        ]
                                    }
                                ],
                                "type": "basic"
                            },
                            {
                                "from": {
                                    "key_code": "1",
                                    "modifiers": {
                                        "mandatory": [
                                            "shift"
                                        ],
                                        "optional": [
                                            "caps_lock"
                                        ]
                                    }
                                },
                                "to": [
                                    {
                                        "key_code": "1"
                                    }
                                ],
                                "type": "basic"
                            },
                            {
                                "from": {
                                    "key_code": "2",
                                    "modifiers": {
                                        "mandatory": [
                                            "shift"
                                        ],
                                        "optional": [
                                            "caps_lock"
                                        ]
                                    }
                                },
                                "to": [
                                    {
                                        "key_code": "2"
                                    }
                                ],
                                "type": "basic"
                            },
                            {
                                "from": {
                                    "key_code": "3",
                                    "modifiers": {
                                        "mandatory": [
                                            "shift"
                                        ],
                                        "optional": [
                                            "caps_lock"
                                        ]
                                    }
                                },
                                "to": [
                                    {
                                        "key_code": "3"
                                    }
                                ],
                                "type": "basic"
                            },
                            {
                                "from": {
                                    "key_code": "4",
                                    "modifiers": {
                                        "mandatory": [
                                            "shift"
                                        ],
                                        "optional": [
                                            "caps_lock"
                                        ]
                                    }
                                },
                                "to": [
                                    {
                                        "key_code": "4"
                                    }
                                ],
                                "type": "basic"
                            },
                            {
                                "from": {
                                    "key_code": "5",
                                    "modifiers": {
                                        "mandatory": [
                                            "shift"
                                        ],
                                        "optional": [
                                            "caps_lock"
                                        ]
                                    }
                                },
                                "to": [
                                    {
                                        "key_code": "5"
                                    }
                                ],
                                "type": "basic"
                            },
                            {
                                "from": {
                                    "key_code": "6",
                                    "modifiers": {
                                        "mandatory": [
                                            "shift"
                                        ],
                                        "optional": [
                                            "caps_lock"
                                        ]
                                    }
                                },
                                "to": [
                                    {
                                        "key_code": "6"
                                    }
                                ],
                                "type": "basic"
                            },
                            {
                                "from": {
                                    "key_code": "7",
                                    "modifiers": {
                                        "mandatory": [
                                            "shift"
                                        ],
                                        "optional": [
                                            "caps_lock"
                                        ]
                                    }
                                },
                                "to": [
                                    {
                                        "key_code": "7"
                                    }
                                ],
                                "type": "basic"
                            },
                            {
                                "from": {
                                    "key_code": "8",
                                    "modifiers": {
                                        "mandatory": [
                                            "shift"
                                        ],
                                        "optional": [
                                            "caps_lock"
                                        ]
                                    }
                                },
                                "to": [
                                    {
                                        "key_code": "8"
                                    }
                                ],
                                "type": "basic"
                            },
                            {
                                "from": {
                                    "key_code": "9",
                                    "modifiers": {
                                        "mandatory": [
                                            "shift"
                                        ],
                                        "optional": [
                                            "caps_lock"
                                        ]
                                    }
                                },
                                "to": [
                                    {
                                        "key_code": "9"
                                    }
                                ],
                                "type": "basic"
                            },
                            {
                                "from": {
                                    "key_code": "0",
                                    "modifiers": {
                                        "mandatory": [
                                            "shift"
                                        ],
                                        "optional": [
                                            "caps_lock"
                                        ]
                                    }
                                },
                                "to": [
                                    {
                                        "key_code": "0"
                                    }
                                ],
                                "type": "basic"
                            }
                        ]
                    }
                ]
            },
            "name": "Profile",
            "selected": true
        }
    ]
}
