{
    "profiles": [
        {
            "complex_modifications": {
                "parameters": {
                    "basic.to_if_alone_timeout_milliseconds": 1000
                },
                "rules": [
                    {
                        "description": "Lcontrol Lshift backtick = new terminal",
                        "manipulators": [
                            {
                                "from": {
                                    "key_code": "grave_accent_and_tilde",
                                    "modifiers": {
                                        "mandatory": [
                                            "left_control",
                                            "left_shift"
                                        ]
                                    }
                                },
                                "to": [
                                    {
                                        "shell_command": "osascript -e 'tell app \"iTerm2\"' -e 'create window with default profile' -e activate -e end"
                                    }
                                ],
                                "type": "basic"
                            }
                        ]
                    },
                    {
                        "description": "Lcontrol Lshift 1 = new Chrome",
                        "manipulators": [
                            {
                                "from": {
                                    "key_code": "1",
                                    "modifiers": {
                                        "mandatory": [
                                            "left_control",
                                            "left_shift"
                                        ]
                                    }
                                },
                                "to": [
                                    {
                                        "shell_command": "osascript -e 'tell app \"Google Chrome\"' -e 'make new window' -e activate -e end"
                                    }
                                ],
                                "type": "basic"
                            }
                        ]
                    }
                ]
            },
            "name": "Default profile",
            "selected": true,
            "simple_modifications": {}
        }
    ]
}
