{
    "profiles": [
        {
            "complex_modifications": {
                "rules": [
                    {
                        "manipulators": [
                            {
                                "description": "left_option+tab to left_command+tab",
                                "from": {
                                    "key_code": "tab",
                                    "modifiers": {
                                        "mandatory": "left_option"
                                    }
                                },
                                "to": [
                                    {
                                        "key_code": "tab",
                                        "modifiers": [
                                            "left_command"
                                        ]
                                    }
                                ],
                                "type": "basic"
                            }
                        ]
                    }
                ]
            }
        }
    ]
}
