{
    "profiles": [
        {
            "name": "Default profile",
            "selected": true,
            "simple_modifications": {
                "f1": "display_brightness_decrement",
                "f2": "display_brightness_increment",
                "f3": "mission_control",
                "f4": "launchpad",
                "f5": "illumination_decrement",
                "f6": "illumination_increment",
                "f7": "rewind",
                "f8": "play_or_pause",
                "f9": "fastforward",
                "f10": "mute",
                "f11": "volume_decrement",
                "f12": "volume_increment",
                "application": "fn",
                "left_option": "left_command",
                "left_command": "left_option",
                "right_command": "right_option",
                "right_option": "right_command"
            }
        }
    ]
}
