{
    "profiles": [
        {
            "name": "Default profile",
            "selected": true,
            "simple_modifications": {
                "caps_lock": "delete_or_backspace",
                "e": "f",
                "r": "p",
                "t": "g",
                "s": "r",
                "f": "t",
                "g": "d",
                "y": "j",
                "u": "l",
                "o": "y",
                "p": "semicolon",
                "j": "n",
                "k": "e",
                "l": "i",
                "semicolon": "o",
                "n": "k",
                "i": "u",
                "d": "s"
            }
        }
    ]
}
