{
  "profiles":[
    {
      "complex_modifications":{
          "rules":[
             {
                  "manipulators":[
                      {
                          "description":"Space + L = RIGHT",
                          "type":"basic",
                          "from":{
                              "key_code":"l",
                              "modifiers":{ "mandatory":["fn"]}
                          },
                          "to":[{"key_code":"right_arrow"}]
                      }
                  ]
              },{
                  "manipulators":[
                      {
                          "description":"Space + K = DOWN",
                          "type":"basic",
                          "from":{
                              "key_code":"k",
                              "modifiers":{ "mandatory":["fn"]}
                          },
                          "to":[{"key_code":"down_arrow"}]
                      }
                  ]
              },{
                  "manipulators":[
                      {
                          "description":"Space + J = Left",
                          "type":"basic",
                          "from":{
                              "key_code":"j",
                              "modifiers":{ "mandatory":["fn"]}
                          },
                          "to":[{"key_code":"left_arrow"}]
                      }
                  ]
              },{
                  "manipulators":[
                      {
                          "description":"Space + I = UP",
                          "type":"basic",
                          "from":{
                              "key_code":"i",
                              "modifiers":{ "mandatory":["fn"]}
                          },
                          "to":[{"key_code":"up_arrow"}]
                      }
                  ]
              },{
                  "manipulators":[
                      {
                        "description":"Space as fn",
                        "type":"basic",
                        "from":{
                            "key_code":"spacebar",
                            "modifiers":{"optional":["any"]}
                        },
                          "to":[{"key_code":"fn"}],
                        "to_if_alone":[{"key_code":"spacebar"}]
                      }
                  ]
              }
          ]
        
      }
    }
  ]
}
