{
    "profiles": [
        {
            "complex_modifications": {
                "rules": [
                    {
                        "manipulators": [
                            {
                                "description": "Change spacebar to left_shift. (Post spacebar if pressed alone)",
                                "from": {
                                    "key_code": "spacebar",
                                    "modifiers": {
                                        "optional": [
                                            "any"
                                        ]
                                    }
                                },
                                "to": [
                                    {
                                        "key_code": "left_shift"
                                    }
                                ],
                                "to_if_alone": [
                                    {
                                        "key_code": "spacebar"
                                    }
                                ],
                                "type": "basic"
                            }
                        ]
                    }
                ]
            },
            "name": "Profile",
            "selected": true
        }
    ]
}
